"IfcGUID","Family","Type","Assembly_code","Assembly_description","Level","Largeur (m)","Hauteur (m)","From Room: Number","To Room: Number","Heat Transfer Coefficient (U)","Thermal Resistance (R)","Thickness"
"3NOn8GwfX9xO2GvC26wXmy","Double vitrée","Double vitrée","B2030100","Glazed Doors & Entrances","RDC","1.80","2.45","","008","3.69 W/(m²·K)","0.27 (m²·K)/W","0.05"
"1t7ixAAub1EfduugOYjjHn","Portes Ascenseur","16 pers. - 1250kg","C1020","Interior Doors","RDC","0.00","0.00","lift2","000","","","0.00"
"1t7ixAAub1EfduugOYjjHo","Portes Ascenseur","16 pers. - 1250kg","C1020","Interior Doors","RDC","0.00","0.00","lift1","000","","","0.00"
"1t7ixAAub1EfduugOYjjLz","Portes Ascenseur","16 pers. - 1250kg","C1020","Interior Doors","1ET","0.00","0.00","lift2","stairlanding","","","0.00"
"1t7ixAAub1EfduugOYjjL_","Portes Ascenseur","16 pers. - 1250kg","C1020","Interior Doors","1ET","0.00","0.00","lift1","stairlanding","","","0.00"
"1t7ixAAub1EfduugOYjjQN","Portes Ascenseur","16 pers. - 1250kg","C1020","Interior Doors","2ET","0.00","0.00","lift2","stairlanding","","","0.00"
"1t7ixAAub1EfduugOYjjQG","Portes Ascenseur","16 pers. - 1250kg","C1020","Interior Doors","2ET","0.00","0.00","lift1","stairlanding","","","0.00"
"1t7ixAAub1EfduugOYjjQ4","Portes Ascenseur","16 pers. - 1250kg","C1020","Interior Doors","3ET","0.00","0.00","lift2","stairlanding","","","0.00"
"1t7ixAAub1EfduugOYjjQ5","Portes Ascenseur","16 pers. - 1250kg","C1020","Interior Doors","3ET","0.00","0.00","lift1","stairlanding","","","0.00"
"1t7ixAAub1EfduugOYjjRv","Portes Ascenseur","16 pers. - 1250kg","C1020","Interior Doors","4ET","0.00","0.00","lift2","stairlanding","","","0.00"
"1t7ixAAub1EfduugOYjjRw","Portes Ascenseur","16 pers. - 1250kg","C1020","Interior Doors","4ET","0.00","0.00","lift1","stairlanding","","","0.00"
"1t7ixAAub1EfduugOYjjRk","Portes Ascenseur","16 pers. - 1250kg","C1020","Interior Doors","5ET","0.00","0.00","lift2","stairlanding","","","0.00"
"1t7ixAAub1EfduugOYjjRl","Portes Ascenseur","16 pers. - 1250kg","C1020","Interior Doors","5ET","0.00","0.00","lift1","stairlanding","","","0.00"
"1t7ixAAub1EfduugOYjjRZ","Portes Ascenseur","16 pers. - 1250kg","C1020","Interior Doors","6ET","0.00","0.00","lift2","stairlanding","","","0.00"
"1t7ixAAub1EfduugOYjjRS","Portes Ascenseur","16 pers. - 1250kg","C1020","Interior Doors","6ET","0.00","0.00","lift1","stairlanding","","","0.00"
"1iW9VRpBLDdRuFZ3vS8qtR","Double vitrée","Double vitrée","B2030100","Glazed Doors & Entrances","1ET","1.52","2.44","","","3.69 W/(m²·K)","0.27 (m²·K)/W","0.05"
"1iW9VRpBLDdRuFZ3vS8qsQ","Double vitrée","Double vitrée","B2030100","Glazed Doors & Entrances","1ET","1.52","2.44","","","3.69 W/(m²·K)","0.27 (m²·K)/W","0.05"
"21o6KNzHT6ohD5DYM2lFsq","Simple avec alignement","0915 x 2134mm","C1020","Interior Doors","RDC","0.92","2.13","012","006","3.70 W/(m²·K)","0.27 (m²·K)/W","0.05"
"21o6KNzHT6ohD5DYM2lFtx","Simple avec alignement","0915 x 2134mm","C1020","Interior Doors","RDC","0.92","2.13","012","005-1","3.70 W/(m²·K)","0.27 (m²·K)/W","0.05"
"21o6KNzHT6ohD5DYM2lFee","Simple avec alignement","0915 x 2134mm","C1020","Interior Doors","RDC","0.92","2.13","024","018","3.70 W/(m²·K)","0.27 (m²·K)/W","0.05"
"21o6KNzHT6ohD5DYM2lFWi","Simple avec alignement","864 x 2000mm","C1020","Interior Doors","RDC","0.86","1.95","024","025","3.70 W/(m²·K)","0.27 (m²·K)/W","0.05"
"21o6KNzHT6ohD5DYM2lFYJ","Simple avec alignement","864 x 2000mm","C1020","Interior Doors","RDC","0.86","1.95","024","023","3.70 W/(m²·K)","0.27 (m²·K)/W","0.05"
"21o6KNzHT6ohD5DYM2lFZf","Simple avec alignement","0762 x 2032mm","C10","Interior Construction","RDC","0.76","2.03","023","018","3.70 W/(m²·K)","0.27 (m²·K)/W","0.05"
"21o6KNzHT6ohD5DYM2lFbX","Simple avec alignement","0762 x 2032mm","C10","Interior Construction","RDC","0.76","2.03","024","021","3.70 W/(m²·K)","0.27 (m²·K)/W","0.05"
"21o6KNzHT6ohD5DYM2lFOy","Simple avec alignement","0864 x 2134mm","C1020","Interior Doors","RDC","0.86","2.13","020","019","3.70 W/(m²·K)","0.27 (m²·K)/W","0.05"
"21o6KNzHT6ohD5DYM2lFQc","Simple avec alignement","864 x 2000mm","C1020","Interior Doors","RDC","0.86","1.95","022","019","3.70 W/(m²·K)","0.27 (m²·K)/W","0.05"
"21o6KNzHT6ohD5DYM2lFSA","Simple avec alignement","0915 x 2032mm","C1020","Interior Doors","RDC","0.92","2.03","","020","3.70 W/(m²·K)","0.27 (m²·K)/W","0.05"
"21o6KNzHT6ohD5DYM2lFIO","Simple avec alignement","0915 x 2032mm","C1020","Interior Doors","RDC","0.92","2.03","022","031-2","3.70 W/(m²·K)","0.27 (m²·K)/W","0.05"
"21o6KNzHT6ohD5DYM2lCuA","Double (R)","1.43m x 2.04m","C1020","Interior Doors","RDC","1.43","2.04","035","012","3.70 W/(m²·K)","0.27 (m²·K)/W","0.04"
"21o6KNzHT6ohD5DYM2lCvV","Double (R)","1.63m x 2.04m","C1020","Interior Doors","RDC","1.63","2.04","035","000","3.70 W/(m²·K)","0.27 (m²·K)/W","0.04"
"21o6KNzHT6ohD5DYM2lCxI","Simple avec alignement","0915 x 2032mm","C1020","Interior Doors","RDC","0.92","2.03","024","019","3.70 W/(m²·K)","0.27 (m²·K)/W","0.05"
"1fvP3ZNAzBS8uyrhHeTKRg","Simple avec alignement","864 x 2000mm","C1020","Interior Doors","RDC","0.86","1.95","018","018","3.70 W/(m²·K)","0.27 (m²·K)/W","0.05"
"1fvP3ZNAzBS8uyrhHeTKI9","Simple avec alignement","0915 x 2032mm","C1020","Interior Doors","1ET","0.92","2.03","south-corridor","south-corridor","3.70 W/(m²·K)","0.27 (m²·K)/W","0.05"
"1fvP3ZNAzBS8uyrhHeTKGG","Simple avec alignement","864 x 2000mm","C1020","Interior Doors","1ET","0.86","1.95","south-corridor","131","3.70 W/(m²·K)","0.27 (m²·K)/W","0.05"
"1fvP3ZNAzBS8uyrhHeTKF2","Simple avec alignement","0762 x 2032mm","C10","Interior Construction","1ET","0.76","2.03","131","131","3.70 W/(m²·K)","0.27 (m²·K)/W","0.05"
"1fvP3ZNAzBS8uyrhHeTKC7","Simple avec alignement","0762 x 2032mm","C10","Interior Construction","1ET","0.76","2.03","131","131","3.70 W/(m²·K)","0.27 (m²·K)/W","0.05"
"1fvP3ZNAzBS8uyrhHeTK8y","Simple avec alignement","864 x 2000mm","C1020","Interior Doors","1ET","0.86","1.95","south-corridor","134","3.70 W/(m²·K)","0.27 (m²·K)/W","0.05"
"1fvP3ZNAzBS8uyrhHeTK9m","Simple avec alignement","864 x 2000mm","C1020","Interior Doors","1ET","0.86","1.95","south-corridor","129","3.70 W/(m²·K)","0.27 (m²·K)/W","0.05"
"1fvP3ZNAzBS8uyrhHeTK6m","Simple avec alignement","864 x 2000mm","C1020","Interior Doors","1ET","0.86","1.95","south-corridor","132","3.70 W/(m²·K)","0.27 (m²·K)/W","0.05"
"1fvP3ZNAzBS8uyrhHeTK7c","Simple avec alignement","864 x 2000mm","C1020","Interior Doors","1ET","0.86","1.95","121","129","3.70 W/(m²·K)","0.27 (m²·K)/W","0.05"
"1fvP3ZNAzBS8uyrhHeTK7A","Simple avec alignement","864 x 2000mm","C1020","Interior Doors","1ET","0.86","1.95","south-corridor","120","3.70 W/(m²·K)","0.27 (m²·K)/W","0.05"
"1fvP3ZNAzBS8uyrhHeTK58","Simple avec alignement","864 x 2000mm","C1020","Interior Doors","1ET","0.86","1.95","104","112","3.70 W/(m²·K)","0.27 (m²·K)/W","0.05"
"1fvP3ZNAzBS8uyrhHeTK3U","Simple avec alignement","864 x 2000mm","C1020","Interior Doors","1ET","0.86","1.95","104","north-corridor","3.70 W/(m²·K)","0.27 (m²·K)/W","0.05"
"1fvP3ZNAzBS8uyrhHeTK1W","Simple avec alignement","864 x 2000mm","C1020","Interior Doors","1ET","0.86","1.95","north-corridor","101F","3.70 W/(m²·K)","0.27 (m²·K)/W","0.05"
"1fvP3ZNAzBS8uyrhHeTK_5","Simple avec alignement","864 x 2000mm","C1020","Interior Doors","1ET","0.86","1.95","101F","101F","3.70 W/(m²·K)","0.27 (m²·K)/W","0.05"
"1fvP3ZNAzBS8uyrhHeTKyl","Simple avec alignement","0762 x 2032mm","C10","Interior Construction","1ET","0.76","2.03","101H","101H","3.70 W/(m²·K)","0.27 (m²·K)/W","0.05"
"1fvP3ZNAzBS8uyrhHeTKzL","Simple avec alignement","0762 x 2032mm","C10","Interior Construction","1ET","0.76","2.03","north-corridor","101H","3.70 W/(m²·K)","0.27 (m²·K)/W","0.05"
"1fvP3ZNAzBS8uyrhHeTKxP","Simple avec alignement","864 x 2000mm","C1020","Interior Doors","1ET","0.86","1.95","104","north-corridor","3.70 W/(m²·K)","0.27 (m²·K)/W","0.05"
"1fvP3ZNAzBS8uyrhHeTKve","Double (R)","1.63m x 2.04m","C1020","Interior Doors","1ET","1.63","2.04","stairlanding","espace-eleves","3.70 W/(m²·K)","0.27 (m²·K)/W","0.04"
"1fvP3ZNAzBS8uyrhHeTKsT","Double (R)","1.83m x 2.04m","C1020","Interior Doors","1ET","1.83","2.04","south-corridor","","3.70 W/(m²·K)","0.27 (m²·K)/W","0.04"
"1fvP3ZNAzBS8uyrhHeTKnv","Simple avec alignement","864 x 2000mm","C1020","Interior Doors","1ET","0.86","1.95","103","111","3.70 W/(m²·K)","0.27 (m²·K)/W","0.05"
"1fvP3ZNAzBS8uyrhHeTL4N","Double (R)","1.20 m x 2.04 m","C1020","Interior Doors","1ET","1.00","2.04","121","1ETSTS1","3.70 W/(m²·K)","0.27 (m²·K)/W","0.04"
"1fvP3ZNAzBS8uyrhHeTL0k","Double (R)","1.20 m x 2.04 m","C1020","Interior Doors","1ET","1.00","2.04","121","1ETSTS1","3.70 W/(m²·K)","0.27 (m²·K)/W","0.04"
"0OuPAfEuPFuACWAumnL5im","Simple avec alignement","864 x 2000mm","C1020","Interior Doors","2ET","0.86","1.95","north-corridor","207","3.70 W/(m²·K)","0.27 (m²·K)/W","0.05"
"0OuPAfEuPFuACWAumnL5jq","Simple avec alignement","864 x 2000mm","C1020","Interior Doors","2ET","0.86","1.95","north-corridor","203","3.70 W/(m²·K)","0.27 (m²·K)/W","0.05"
"0OuPAfEuPFuACWAumnL5ge","Simple avec alignement","864 x 2000mm","C1020","Interior Doors","2ET","0.86","1.95","north-corridor","206","3.70 W/(m²·K)","0.27 (m²·K)/W","0.05"
"0OuPAfEuPFuACWAumnL5hE","Simple avec alignement","864 x 2000mm","C1020","Interior Doors","2ET","0.86","1.95","north-corridor","212","3.70 W/(m²·K)","0.27 (m²·K)/W","0.05"
"0OuPAfEuPFuACWAumnL5ho","Simple avec alignement","864 x 2000mm","C1020","Interior Doors","2ET","0.86","1.95","north-corridor","211","3.70 W/(m²·K)","0.27 (m²·K)/W","0.05"
"0OuPAfEuPFuACWAumnL5eY","Simple avec alignement","864 x 2000mm","C1020","Interior Doors","2ET","0.86","1.95","214","printer-zone","3.70 W/(m²·K)","0.27 (m²·K)/W","0.05"
"0OuPAfEuPFuACWAumnL5fo","Simple avec alignement","864 x 2000mm","C1020","Interior Doors","2ET","0.86","1.95","south-corridor","220","3.70 W/(m²·K)","0.27 (m²·K)/W","0.05"
"0OuPAfEuPFuACWAumnL5tY","Simple avec alignement","864 x 2000mm","C1020","Interior Doors","2ET","0.86","1.95","south-corridor","224","3.70 W/(m²·K)","0.27 (m²·K)/W","0.05"
"0OuPAfEuPFuACWAumnL5qk","Simple avec alignement","864 x 2000mm","C1020","Interior Doors","2ET","0.86","1.95","south-corridor","230","3.70 W/(m²·K)","0.27 (m²·K)/W","0.05"
"0OuPAfEuPFuACWAumnL5rO","Simple avec alignement","864 x 2000mm","C1020","Interior Doors","2ET","0.86","1.95","south-corridor","232","3.70 W/(m²·K)","0.27 (m²·K)/W","0.05"
"0OuPAfEuPFuACWAumnL5oW","Simple avec alignement","864 x 2000mm","C1020","Interior Doors","2ET","0.86","1.95","north-corridor","204","3.70 W/(m²·K)","0.27 (m²·K)/W","0.05"
"0OuPAfEuPFuACWAumnL5mo","Simple avec alignement","864 x 2000mm","C1020","Interior Doors","2ET","0.86","1.95","north-corridor","202","3.70 W/(m²·K)","0.27 (m²·K)/W","0.05"
"0OuPAfEuPFuACWAumnL5_M","Simple avec alignement","864 x 2000mm","C1020","Interior Doors","2ET","0.86","1.95","north-corridor","201F","3.70 W/(m²·K)","0.27 (m²·K)/W","0.05"
"0OuPAfEuPFuACWAumnL5yq","Simple avec alignement","0762 x 2032mm","C10","Interior Construction","2ET","0.76","2.03","north-corridor","201H","3.70 W/(m²·K)","0.27 (m²·K)/W","0.05"
"0OuPAfEuPFuACWAumnL5zW","Simple avec alignement","0762 x 2032mm","C10","Interior Construction","2ET","0.76","2.03","201H","201H","3.70 W/(m²·K)","0.27 (m²·K)/W","0.05"
"0OuPAfEuPFuACWAumnL5vY","Simple avec alignement","864 x 2000mm","C1020","Interior Doors","2ET","0.86","1.95","206","204","3.70 W/(m²·K)","0.27 (m²·K)/W","0.05"
"0OuPAfEuPFuACWAumnL266","Simple avec alignement","864 x 2000mm","C1020","Interior Doors","2ET","0.86","1.95","212","206","3.70 W/(m²·K)","0.27 (m²·K)/W","0.05"
"0OuPAfEuPFuACWAumnL27Q","Double (R)","1.43m x 2.04m","C1020","Interior Doors","2ET","1.43","2.04","printer-zone","214","3.70 W/(m²·K)","0.27 (m²·K)/W","0.04"
"0OuPAfEuPFuACWAumnL25u","Double (R)","1.63m x 2.04m","C1020","Interior Doors","2ET","1.63","2.04","stairlanding","printer-zone","3.70 W/(m²·K)","0.27 (m²·K)/W","0.04"
"0OuPAfEuPFuACWAumnL23D","Double (R)","1.63m x 2.04m","C1020","Interior Doors","2ET","1.63","2.04","south-corridor","printer-zone","3.70 W/(m²·K)","0.27 (m²·K)/W","0.04"
"0OuPAfEuPFuACWAumnL214","Simple avec alignement","864 x 2000mm","C1020","Interior Doors","2ET","0.86","1.95","220","224","3.70 W/(m²·K)","0.27 (m²·K)/W","0.05"
"0OuPAfEuPFuACWAumnL21a","Simple avec alignement","864 x 2000mm","C1020","Interior Doors","2ET","0.86","1.95","232","230","3.70 W/(m²·K)","0.27 (m²·K)/W","0.05"
"0OuPAfEuPFuACWAumnL2EM","Simple avec alignement","864 x 2000mm","C1020","Interior Doors","2ET","0.86","1.95","south-corridor","234","3.70 W/(m²·K)","0.27 (m²·K)/W","0.05"
"0OuPAfEuPFuACWAumnL2Ep","Simple avec alignement","864 x 2000mm","C1020","Interior Doors","2ET","0.86","1.95","south-corridor","231","3.70 W/(m²·K)","0.27 (m²·K)/W","0.05"
"0OuPAfEuPFuACWAumnL2Ci","Simple avec alignement","864 x 2000mm","C1020","Interior Doors","2ET","0.86","1.95","south-corridor","south-corridor","3.70 W/(m²·K)","0.27 (m²·K)/W","0.05"
"0OuPAfEuPFuACWAumnL2DS","Simple avec alignement","864 x 2000mm","C1020","Interior Doors","2ET","0.86","1.95","south-corridor","223","3.70 W/(m²·K)","0.27 (m²·K)/W","0.05"
"0OuPAfEuPFuACWAumnL2AS","Simple avec alignement","0762 x 2032mm","C10","Interior Construction","2ET","0.76","2.03","231","231","3.70 W/(m²·K)","0.27 (m²·K)/W","0.05"
"0OuPAfEuPFuACWAumnL2Bw","Simple avec alignement","0762 x 2032mm","C10","Interior Construction","2ET","0.76","2.03","231","231","3.70 W/(m²·K)","0.27 (m²·K)/W","0.05"
"0OuPAfEuPFuACWAumnL2MC","Simple avec alignement","864 x 2000mm","C1020","Interior Doors","2ET","0.86","1.95","221","223","3.70 W/(m²·K)","0.27 (m²·K)/W","0.05"
"0OuPAfEuPFuACWAumnL2Ma","Double (R)","1.20 m x 2.04 m","C1020","Interior Doors","2ET","1.00","2.04","221","2ETSTS1","3.70 W/(m²·K)","0.27 (m²·K)/W","0.04"
"0OuPAfEuPFuACWAumnL2Nl","Double (R)","1.20 m x 2.04 m","C1020","Interior Doors","2ET","1.00","2.04","221","2ETSTS1","3.70 W/(m²·K)","0.27 (m²·K)/W","0.04"
"0OuPAfEuPFuACWAumnL2XC","Coulissante - Apparente","0.80m x 2.04m","C1020","Interior Doors","2ET","0.80","2.04","201F","201F","3.70 W/(m²·K)","0.27 (m²·K)/W","0.04"
"0OuPAfEuPFuACWAumnL2ks","Coulissante - Apparente","0.80m x 2.04m","C1020","Interior Doors","2ET","0.80","2.04","234","234","3.70 W/(m²·K)","0.27 (m²·K)/W","0.04"
"0OuPAfEuPFuACWAumnL2id","Simple avec alignement","0762 x 2032mm","C10","Interior Construction","RDC","0.76","2.03","020","020","3.70 W/(m²·K)","0.27 (m²·K)/W","0.05"
"0OuPAfEuPFuACWAumnL2jN","Simple avec alignement","0762 x 2032mm","C10","Interior Construction","RDC","0.76","2.03","020","020","3.70 W/(m²·K)","0.27 (m²·K)/W","0.05"
"0OuPAfEuPFuACWAumnL2pq","Double (R)","1.63m x 2.04m","C1020","Interior Doors","1ET","1.63","2.04","espace-eleves","north-corridor","3.70 W/(m²·K)","0.27 (m²·K)/W","0.04"
"0OuPAfEuPFuACWAumnL2nX","Simple avec alignement","864 x 2000mm","C1020","Interior Doors","1ET","0.86","1.95","132","120","3.70 W/(m²·K)","0.27 (m²·K)/W","0.05"
"0OuPAfEuPFuACWAumnL2$J","Double (R)","1.63m x 2.04m","C1020","Interior Doors","2ET","1.63","2.04","printer-zone","north-corridor","3.70 W/(m²·K)","0.27 (m²·K)/W","0.04"
"0OuPAfEuPFuACWAumnL2yx","Double (R)","1.20 m x 2.04 m","C1020","Interior Doors","2ET","1.00","2.04","211","2ETNTS1","3.70 W/(m²·K)","0.27 (m²·K)/W","0.04"
"0OuPAfEuPFuACWAumnL2zY","Double (R)","1.20 m x 2.04 m","C1020","Interior Doors","2ET","1.00","2.04","211","2ETNTS1","3.70 W/(m²·K)","0.27 (m²·K)/W","0.04"
"0OuPAfEuPFuACWAumnL2w2","Double (R)","1.20 m x 2.04 m","C1020","Interior Doors","2ET","1.00","2.04","211","2ETNTS1","3.70 W/(m²·K)","0.27 (m²·K)/W","0.04"
"0OuPAfEuPFuACWAumnL2um","Simple avec alignement","864 x 2000mm","C1020","Interior Doors","2ET","0.86","1.95","south-corridor","221","3.70 W/(m²·K)","0.27 (m²·K)/W","0.05"
"0OuPAfEuPFuACWAumnL36S","Simple avec alignement","864 x 2000mm","C1020","Interior Doors","3ET","0.86","1.95","south-corridor","328","3.70 W/(m²·K)","0.27 (m²·K)/W","0.05"
"0OuPAfEuPFuACWAumnL37X","Simple avec alignement","864 x 2000mm","C1020","Interior Doors","3ET","0.86","1.95","south-corridor","332","3.70 W/(m²·K)","0.27 (m²·K)/W","0.05"
"0OuPAfEuPFuACWAumnL35L","Simple avec alignement","864 x 2000mm","C1020","Interior Doors","3ET","0.86","1.95","south-corridor","324","3.70 W/(m²·K)","0.27 (m²·K)/W","0.05"
"0OuPAfEuPFuACWAumnL33$","Simple avec alignement","864 x 2000mm","C1020","Interior Doors","3ET","0.86","1.95","south-corridor","320","3.70 W/(m²·K)","0.27 (m²·K)/W","0.05"
"0OuPAfEuPFuACWAumnL30e","Simple avec alignement","864 x 2000mm","C1020","Interior Doors","3ET","0.86","1.95","south-corridor","322","3.70 W/(m²·K)","0.27 (m²·K)/W","0.05"
"0OuPAfEuPFuACWAumnL30W","Simple avec alignement","864 x 2000mm","C1020","Interior Doors","3ET","0.86","1.95","south-corridor","322","3.70 W/(m²·K)","0.27 (m²·K)/W","0.05"
"0OuPAfEuPFuACWAumnL31c","Simple avec alignement","864 x 2000mm","C1020","Interior Doors","3ET","0.86","1.95","south-corridor","330","3.70 W/(m²·K)","0.27 (m²·K)/W","0.05"
"0OuPAfEuPFuACWAumnL3Eb","Simple avec alignement","864 x 2032mm - Rouge","","","3ET","0.86","2.03","waiting-area","318","3.70 W/(m²·K)","0.27 (m²·K)/W","0.05"
"0OuPAfEuPFuACWAumnL3CQ","Simple avec alignement","864 x 2032mm - Rouge","","","3ET","0.86","2.03","waiting-area","314","3.70 W/(m²·K)","0.27 (m²·K)/W","0.05"
"0OuPAfEuPFuACWAumnL3C$","Simple avec alignement","864 x 2000mm","C1020","Interior Doors","3ET","0.86","1.95","316","318","3.70 W/(m²·K)","0.27 (m²·K)/W","0.05"
"0OuPAfEuPFuACWAumnL3A6","Simple avec alignement","864 x 2000mm","C1020","Interior Doors","3ET","0.86","1.95","316","314","3.70 W/(m²·K)","0.27 (m²·K)/W","0.05"
"0OuPAfEuPFuACWAumnL3BY","Simple avec alignement","864 x 2000mm","C1020","Interior Doors","3ET","0.86","1.95","north-corridor","302","3.70 W/(m²·K)","0.27 (m²·K)/W","0.05"
"0OuPAfEuPFuACWAumnL38m","Simple avec alignement","864 x 2000mm","C1020","Interior Doors","3ET","0.86","1.95","north-corridor","304","3.70 W/(m²·K)","0.27 (m²·K)/W","0.05"
"0OuPAfEuPFuACWAumnL3MM","Simple avec alignement","864 x 2000mm","C1020","Interior Doors","3ET","0.86","1.95","north-corridor","306","3.70 W/(m²·K)","0.27 (m²·K)/W","0.05"
"0OuPAfEuPFuACWAumnL3NP","Simple avec alignement","864 x 2000mm","C1020","Interior Doors","3ET","0.86","1.95","north-corridor","300","3.70 W/(m²·K)","0.27 (m²·K)/W","0.05"
"0OuPAfEuPFuACWAumnL3NG","Simple avec alignement","864 x 2000mm","C1020","Interior Doors","3ET","0.86","1.95","north-corridor","301","3.70 W/(m²·K)","0.27 (m²·K)/W","0.05"
"0OuPAfEuPFuACWAumnL3LM","Simple avec alignement","864 x 2000mm","C1020","Interior Doors","3ET","0.86","1.95","north-corridor","303","3.70 W/(m²·K)","0.27 (m²·K)/W","0.05"
"0OuPAfEuPFuACWAumnL3JE","Simple avec alignement","864 x 2000mm","C1020","Interior Doors","3ET","0.86","1.95","north-corridor","300","3.70 W/(m²·K)","0.27 (m²·K)/W","0.05"
"0OuPAfEuPFuACWAumnL3GI","Simple avec alignement","864 x 2000mm","C1020","Interior Doors","3ET","0.86","1.95","north-corridor","305","3.70 W/(m²·K)","0.27 (m²·K)/W","0.05"
"0OuPAfEuPFuACWAumnL3Gc","Simple avec alignement","864 x 2000mm","C1020","Interior Doors","3ET","0.86","1.95","north-corridor","307","3.70 W/(m²·K)","0.27 (m²·K)/W","0.05"
"0OuPAfEuPFuACWAumnL3HP","Simple avec alignement","864 x 2000mm","C1020","Interior Doors","3ET","0.86","1.95","311","north-corridor","3.70 W/(m²·K)","0.27 (m²·K)/W","0.05"
"0OuPAfEuPFuACWAumnL3U1","Simple avec alignement","864 x 2000mm","C1020","Interior Doors","3ET","0.86","1.95","north-corridor","311","3.70 W/(m²·K)","0.27 (m²·K)/W","0.05"
"2pvfbkv2n0JRz1B6pTk3PS","Simple avec alignement","864 x 2000mm","C1020","Interior Doors","3ET","0.86","1.95","north-corridor","309","3.70 W/(m²·K)","0.27 (m²·K)/W","0.05"
"2pvfbkv2n0JRz1B6pTk3QE","Simple avec alignement","864 x 2000mm","C1020","Interior Doors","3ET","0.86","1.95","north-corridor","308","3.70 W/(m²·K)","0.27 (m²·K)/W","0.05"
"2pvfbkv2n0JRz1B6pTk3R2","Simple avec alignement","864 x 2000mm","C1020","Interior Doors","3ET","0.86","1.95","323","south-corridor","3.70 W/(m²·K)","0.27 (m²·K)/W","0.05"
"2pvfbkv2n0JRz1B6pTk3U6","Simple avec alignement","864 x 2000mm","C1020","Interior Doors","3ET","0.86","1.95","south-corridor","325","3.70 W/(m²·K)","0.27 (m²·K)/W","0.05"
"2pvfbkv2n0JRz1B6pTk3VA","Simple avec alignement","864 x 2000mm","C1020","Interior Doors","3ET","0.86","1.95","334","south-corridor","3.70 W/(m²·K)","0.27 (m²·K)/W","0.05"
"2pvfbkv2n0JRz1B6pTk3WY","Simple avec alignement","864 x 2000mm","C1020","Interior Doors","3ET","0.86","1.95","south-corridor","335","3.70 W/(m²·K)","0.27 (m²·K)/W","0.05"
"2pvfbkv2n0JRz1B6pTk3W8","Simple avec alignement","864 x 2000mm","C1020","Interior Doors","3ET","0.86","1.95","south-corridor","321","3.70 W/(m²·K)","0.27 (m²·K)/W","0.05"
"2pvfbkv2n0JRz1B6pTk3Ze","Double (R)","1.43m x 2.04m","C1020","Interior Doors","3ET","1.43","2.04","waiting-area","south-corridor","3.70 W/(m²·K)","0.27 (m²·K)/W","0.04"
"2pvfbkv2n0JRz1B6pTk3bk","Double (R)","1.20 m x 2.04 m","C1020","Interior Doors","3ET","1.00","2.04","south-corridor","3ETSTS1","3.70 W/(m²·K)","0.27 (m²·K)/W","0.04"
"2pvfbkv2n0JRz1B6pTk3bO","Double (R)","1.20 m x 2.04 m","C1020","Interior Doors","3ET","1.00","2.04","south-corridor","3ETSTS1","3.70 W/(m²·K)","0.27 (m²·K)/W","0.04"
"2pvfbkv2n0JRz1B6pTk3g9","Coulissante - Apparente","0.80m x 2.04m","C1020","Interior Doors","3ET","0.80","2.04","334","334","3.70 W/(m²·K)","0.27 (m²·K)/W","0.04"
"2pvfbkv2n0JRz1B6pTk3z6","Placard coulissante - 3 panneaux","Placard coulissante - 3 panneaux","C1020","Interior Doors","3ET","4.50","2.10","325","","3.70 W/(m²·K)","0.27 (m²·K)/W","0.02"
"2pvfbkv2n0JRz1B6pTk01B","Placard coulissante - 2 panneaux","Placard coulissante - 2 panneaux","C1020","Interior Doors","3ET","2.00","2.10","324","326","3.70 W/(m²·K)","0.27 (m²·K)/W","0.02"
"2pvfbkv2n0JRz1B6pTk022","Placard coulissante - 2 panneaux","Placard coulissante - 2 panneaux","C1020","Interior Doors","3ET","2.00","2.10","324","326","3.70 W/(m²·K)","0.27 (m²·K)/W","0.02"
"2pvfbkv2n0JRz1B6pTk0CO","Placard coulissante - 3 panneaux","Placard coulissante - 3 panneaux","C1020","Interior Doors","3ET","4.50","2.10","328","","3.70 W/(m²·K)","0.27 (m²·K)/W","0.02"
"2pvfbkv2n0JRz1B6pTk0Fw","Simple avec alignement","0762 x 2032mm","C10","Interior Construction","3ET","0.76","2.03","335","335","3.70 W/(m²·K)","0.27 (m²·K)/W","0.05"
"2pvfbkv2n0JRz1B6pTk0O$","Placard coulissante - 2 panneaux","Placard coulissante - 2 panneaux 2","C1020","Interior Doors","3ET","1.50","2.10","330","330","3.70 W/(m²·K)","0.27 (m²·K)/W","0.02"
"2pvfbkv2n0JRz1B6pTk0Qu","Placard coulissante - 2 panneaux","Placard coulissante - 2 panneaux 2","C1020","Interior Doors","3ET","1.50","2.10","330","330","3.70 W/(m²·K)","0.27 (m²·K)/W","0.02"
"2pvfbkv2n0JRz1B6pTk0RY","Placard coulissante - 2 panneaux","Placard coulissante - 2 panneaux 2","C1020","Interior Doors","3ET","1.50","2.10","322","322","3.70 W/(m²·K)","0.27 (m²·K)/W","0.02"
"2pvfbkv2n0JRz1B6pTk0Se","Placard coulissante - 2 panneaux","Placard coulissante - 2 panneaux 2","C1020","Interior Doors","3ET","1.50","2.10","322","322","3.70 W/(m²·K)","0.27 (m²·K)/W","0.02"
"2pvfbkv2n0JRz1B6pTk0TQ","Simple avec alignement","864 x 2000mm","C1020","Interior Doors","3ET","0.86","1.95","south-corridor","326","3.70 W/(m²·K)","0.27 (m²·K)/W","0.05"
"2pvfbkv2n0JRz1B6pTk0Xw","Placard coulissante - 2 panneaux","Placard coulissante - 2 panneaux 2","C1020","Interior Doors","3ET","1.50","2.10","320","320","3.70 W/(m²·K)","0.27 (m²·K)/W","0.02"
"2pvfbkv2n0JRz1B6pTk0YM","Placard coulissante - 2 panneaux","Placard coulissante - 2 panneaux 2","C1020","Interior Doors","3ET","1.50","2.10","318","316","3.70 W/(m²·K)","0.27 (m²·K)/W","0.02"
"2pvfbkv2n0JRz1B6pTk0aB","Placard coulissante - 2 panneaux","Placard coulissante - 2 panneaux 2","C1020","Interior Doors","3ET","1.50","2.10","318","316","3.70 W/(m²·K)","0.27 (m²·K)/W","0.02"
"2pvfbkv2n0JRz1B6pTk0f3","Double (R)","1.63m x 2.04m","C1020","Interior Doors","3ET","1.63","2.04","stairlanding","waiting-area","3.70 W/(m²·K)","0.27 (m²·K)/W","0.04"
"2pvfbkv2n0JRz1B6pTk0ij","Simple avec alignement","864 x 2032mm - Rouge","","","3ET","0.86","2.03","waiting-area","316","3.70 W/(m²·K)","0.27 (m²·K)/W","0.05"
"2pvfbkv2n0JRz1B6pTk0kj","Simple avec alignement","864 x 2000mm","C1020","Interior Doors","3ET","0.86","1.95","311","311","3.70 W/(m²·K)","0.27 (m²·K)/W","0.05"
"2pvfbkv2n0JRz1B6pTk0kS","Simple avec alignement","864 x 2000mm","C1020","Interior Doors","3ET","0.86","1.95","311","311","3.70 W/(m²·K)","0.27 (m²·K)/W","0.05"
"2pvfbkv2n0JRz1B6pTk0lI","Simple avec alignement","864 x 2000mm","C1020","Interior Doors","3ET","0.86","1.95","310","310","3.70 W/(m²·K)","0.27 (m²·K)/W","0.05"
"2pvfbkv2n0JRz1B6pTk0mG","Simple avec alignement","864 x 2000mm","C1020","Interior Doors","3ET","0.86","1.95","north-corridor","310","3.70 W/(m²·K)","0.27 (m²·K)/W","0.05"
"0ZuKmG$5n6r8CPOchMaEhi","Placard coulissante - 3 panneaux","Placard coulissante - 3 panneaux","C1020","Interior Doors","3ET","4.50","2.10","323","","3.70 W/(m²·K)","0.27 (m²·K)/W","0.02"
"0ZuKmG$5n6r8CPOchMaEiS","Placard coulissante - 3 panneaux","Placard coulissante - 3 panneaux","C1020","Interior Doors","3ET","4.50","2.10","","321","3.70 W/(m²·K)","0.27 (m²·K)/W","0.02"
"0ZuKmG$5n6r8CPOchMaEl_","Double (R)","1.20 m x 2.04 m","C1020","Interior Doors","3ET","1.00","2.04","north-corridor","3ETNTS1","3.70 W/(m²·K)","0.27 (m²·K)/W","0.04"
"0ZuKmG$5n6r8CPOchMaFGv","Double (R)","1.20 m x 2.04 m","C1020","Interior Doors","3ET","1.00","2.04","north-corridor","3ETNTS1","3.70 W/(m²·K)","0.27 (m²·K)/W","0.04"
"26RvPR7OX7XPFMpPoB2Vry","Simple avec alignement","864 x 2000mm","C1020","Interior Doors","4ET","0.86","1.95","north-corridor","407","3.70 W/(m²·K)","0.27 (m²·K)/W","0.05"
"26RvPR7OX7XPFMpPoB2Vq_","Simple avec alignement","864 x 2000mm","C1020","Interior Doors","4ET","0.86","1.95","north-corridor","409","3.70 W/(m²·K)","0.27 (m²·K)/W","0.05"
"26RvPR7OX7XPFMpPoB2Vpn","Simple avec alignement","864 x 2000mm","C1020","Interior Doors","4ET","0.86","1.95","north-corridor","403","3.70 W/(m²·K)","0.27 (m²·K)/W","0.05"
"26RvPR7OX7XPFMpPoB2Vop","Simple avec alignement","864 x 2000mm","C1020","Interior Doors","4ET","0.86","1.95","north-corridor","405","3.70 W/(m²·K)","0.27 (m²·K)/W","0.05"
"26RvPR7OX7XPFMpPoB2Vo5","Simple avec alignement","864 x 2000mm","C1020","Interior Doors","4ET","0.86","1.95","north-corridor","410","3.70 W/(m²·K)","0.27 (m²·K)/W","0.05"
"26RvPR7OX7XPFMpPoB2Vns","Simple avec alignement","864 x 2000mm","C1020","Interior Doors","4ET","0.86","1.95","north-corridor","404","3.70 W/(m²·K)","0.27 (m²·K)/W","0.05"
"26RvPR7OX7XPFMpPoB2VmL","Simple avec alignement","864 x 2000mm","C1020","Interior Doors","4ET","0.86","1.95","north-corridor","406","3.70 W/(m²·K)","0.27 (m²·K)/W","0.05"
"26RvPR7OX7XPFMpPoB2V$V","Simple avec alignement","864 x 2000mm","C1020","Interior Doors","4ET","0.86","1.95","north-corridor","408","3.70 W/(m²·K)","0.27 (m²·K)/W","0.05"
"26RvPR7OX7XPFMpPoB2V_l","Simple avec alignement","864 x 2000mm","C1020","Interior Doors","4ET","0.86","1.95","north-corridor","412","3.70 W/(m²·K)","0.27 (m²·K)/W","0.05"
"26RvPR7OX7XPFMpPoB2V_7","Simple avec alignement","864 x 2000mm","C1020","Interior Doors","4ET","0.86","1.95","waiting-area","414","3.70 W/(m²·K)","0.27 (m²·K)/W","0.05"
"26RvPR7OX7XPFMpPoB2VzN","Simple avec alignement","864 x 2000mm","C1020","Interior Doors","4ET","0.86","1.95","waiting-area","416","3.70 W/(m²·K)","0.27 (m²·K)/W","0.05"
"26RvPR7OX7XPFMpPoB2VyV","Simple avec alignement","864 x 2000mm","C1020","Interior Doors","4ET","0.86","1.95","416","418","3.70 W/(m²·K)","0.27 (m²·K)/W","0.05"
"26RvPR7OX7XPFMpPoB2Vxx","Simple avec alignement","864 x 2000mm","C1020","Interior Doors","4ET","0.86","1.95","waiting-area","418","3.70 W/(m²·K)","0.27 (m²·K)/W","0.05"
"26RvPR7OX7XPFMpPoB2Vw$","Simple avec alignement","864 x 2000mm","C1020","Interior Doors","4ET","0.86","1.95","422","south-corridor","3.70 W/(m²·K)","0.27 (m²·K)/W","0.05"
"26RvPR7OX7XPFMpPoB2Vw3","Simple avec alignement","864 x 2000mm","C1020","Interior Doors","4ET","0.86","1.95","south-corridor","423","3.70 W/(m²·K)","0.27 (m²·K)/W","0.05"
"26RvPR7OX7XPFMpPoB2VvJ","Simple avec alignement","864 x 2000mm","C1020","Interior Doors","4ET","0.86","1.95","south-corridor","425","3.70 W/(m²·K)","0.27 (m²·K)/W","0.05"
"26RvPR7OX7XPFMpPoB2Vuh","Simple avec alignement","864 x 2000mm","C1020","Interior Doors","4ET","0.86","1.95","south-corridor","429","3.70 W/(m²·K)","0.27 (m²·K)/W","0.05"
"26RvPR7OX7XPFMpPoB2VdR","Simple avec alignement","864 x 2000mm","C1020","Interior Doors","4ET","0.86","1.95","south-corridor","420A","3.70 W/(m²·K)","0.27 (m²·K)/W","0.05"
"26RvPR7OX7XPFMpPoB2Vcu","Simple avec alignement","864 x 2000mm","C1020","Interior Doors","4ET","0.86","1.95","south-corridor","420B","3.70 W/(m²·K)","0.27 (m²·K)/W","0.05"
"26RvPR7OX7XPFMpPoB2VcP","Simple avec alignement","864 x 2000mm","C1020","Interior Doors","4ET","0.86","1.95","south-corridor","426","3.70 W/(m²·K)","0.27 (m²·K)/W","0.05"
"26RvPR7OX7XPFMpPoB2VbV","Simple avec alignement","864 x 2000mm","C1020","Interior Doors","4ET","0.86","1.95","south-corridor","424","3.70 W/(m²·K)","0.27 (m²·K)/W","0.05"
"26RvPR7OX7XPFMpPoB2VaF","Simple avec alignement","864 x 2000mm","C1020","Interior Doors","4ET","0.86","1.95","south-corridor","430","3.70 W/(m²·K)","0.27 (m²·K)/W","0.05"
"26RvPR7OX7XPFMpPoB2VZ3","Simple avec alignement","864 x 2000mm","C1020","Interior Doors","4ET","0.86","1.95","south-corridor","432","3.70 W/(m²·K)","0.27 (m²·K)/W","0.05"
"26RvPR7OX7XPFMpPoB2VY5","Simple avec alignement","864 x 2000mm","C1020","Interior Doors","4ET","0.86","1.95","south-corridor","434","3.70 W/(m²·K)","0.27 (m²·K)/W","0.05"
"26RvPR7OX7XPFMpPoB2VXN","Simple avec alignement","864 x 2000mm","C1020","Interior Doors","4ET","0.86","1.95","south-corridor","431","3.70 W/(m²·K)","0.27 (m²·K)/W","0.05"
"26RvPR7OX7XPFMpPoB2VWj","Simple avec alignement","864 x 2000mm","C1020","Interior Doors","4ET","0.86","1.95","431","431","3.70 W/(m²·K)","0.27 (m²·K)/W","0.05"
"26RvPR7OX7XPFMpPoB2VlR","Simple avec alignement","864 x 2000mm","C1020","Interior Doors","4ET","0.86","1.95","south-corridor","431H","3.70 W/(m²·K)","0.27 (m²·K)/W","0.05"
"26RvPR7OX7XPFMpPoB2Vkp","Simple avec alignement","864 x 2000mm","C1020","Interior Doors","4ET","0.86","1.95","401F","401F","3.70 W/(m²·K)","0.27 (m²·K)/W","0.05"
"26RvPR7OX7XPFMpPoB2Vh0","Simple avec alignement","864 x 2000mm","C1020","Interior Doors","4ET","0.86","1.95","north-corridor","401H","3.70 W/(m²·K)","0.27 (m²·K)/W","0.05"
"26RvPR7OX7XPFMpPoB2Ves","Simple avec alignement","864 x 2000mm","C1020","Interior Doors","4ET","0.86","1.95","north-corridor","401D","3.70 W/(m²·K)","0.27 (m²·K)/W","0.05"
"26RvPR7OX7XPFMpPoB2Ve0","Simple avec alignement","864 x 2000mm","C1020","Interior Doors","4ET","0.86","1.95","north-corridor","401F","3.70 W/(m²·K)","0.27 (m²·K)/W","0.05"
"26RvPR7OX7XPFMpPoB2VMK","Double (R)","1.63m x 2.04m","C1020","Interior Doors","4ET","1.63","2.04","stairlanding","waiting-area","3.70 W/(m²·K)","0.27 (m²·K)/W","0.04"
"26RvPR7OX7XPFMpPoB2VKW","Double (R)","1.63m x 2.04m","C1020","Interior Doors","4ET","1.63","2.04","411","4ETNTS1","3.70 W/(m²·K)","0.27 (m²·K)/W","0.04"
"26RvPR7OX7XPFMpPoB2VJO","Double (R)","1.63m x 2.04m","C1020","Interior Doors","4ET","1.63","2.04","north-corridor","4ETNTS3","3.70 W/(m²·K)","0.27 (m²·K)/W","0.04"
"26RvPR7OX7XPFMpPoB2VV7","Double (R)","1.63m x 2.04m","C1020","Interior Doors","4ET","1.63","2.04","waiting-area","south-corridor","3.70 W/(m²·K)","0.27 (m²·K)/W","0.04"
"26RvPR7OX7XPFMpPoB2VUB","Simple avec alignement","864 x 2000mm","C1020","Interior Doors","4ET","0.86","1.95","south-corridor","421","3.70 W/(m²·K)","0.27 (m²·K)/W","0.05"
"26RvPR7OX7XPFMpPoB2VPH","Double (R)","1.20 m x 2.04 m","C1020","Interior Doors","4ET","1.00","2.04","421","4ETSTS1","3.70 W/(m²·K)","0.27 (m²·K)/W","0.04"
"26RvPR7OX7XPFMpPoB2VO5","Double (R)","1.20 m x 2.04 m","C1020","Interior Doors","4ET","1.00","2.04","421","4ETSTS1","3.70 W/(m²·K)","0.27 (m²·K)/W","0.04"
"26RvPR7OX7XPFMpPoB2V37","Simple avec alignement","0762 x 2032mm","C10","Interior Construction","4ET","0.76","2.03","401H","401H","3.70 W/(m²·K)","0.27 (m²·K)/W","0.05"
"3M_k3tesD2zxOT0E0AxP8o","Simple avec alignement","864 x 2000mm","C1020","Interior Doors","5ET","0.86","1.95","north-corridor","507","3.70 W/(m²·K)","0.27 (m²·K)/W","0.05"
"3M_k3tesD2zxOT0E0AxP76","Simple avec alignement","864 x 2000mm","C1020","Interior Doors","5ET","0.86","1.95","north-corridor","511","3.70 W/(m²·K)","0.27 (m²·K)/W","0.05"
"3M_k3tesD2zxOT0E0AxP64","Simple avec alignement","864 x 2000mm","C1020","Interior Doors","5ET","0.86","1.95","north-corridor","505","3.70 W/(m²·K)","0.27 (m²·K)/W","0.05"
"3M_k3tesD2zxOT0E0AxP5_","Simple avec alignement","864 x 2000mm","C1020","Interior Doors","5ET","0.86","1.95","north-corridor","503","3.70 W/(m²·K)","0.27 (m²·K)/W","0.05"
"3M_k3tesD2zxOT0E0AxP3K","Simple avec alignement","864 x 2000mm","C1020","Interior Doors","5ET","0.86","1.95","north-corridor","501H","3.70 W/(m²·K)","0.27 (m²·K)/W","0.05"
"3M_k3tesD2zxOT0E0AxP2U","Simple avec alignement","864 x 2000mm","C1020","Interior Doors","5ET","0.86","1.95","north-corridor","501F","3.70 W/(m²·K)","0.27 (m²·K)/W","0.05"
"3M_k3tesD2zxOT0E0AxP1W","Simple avec alignement","864 x 2000mm","C1020","Interior Doors","5ET","0.86","1.95","north-corridor","502","3.70 W/(m²·K)","0.27 (m²·K)/W","0.05"
"3M_k3tesD2zxOT0E0AxP0w","Simple avec alignement","864 x 2000mm","C1020","Interior Doors","5ET","0.86","1.95","north-corridor","504","3.70 W/(m²·K)","0.27 (m²·K)/W","0.05"
"3M_k3tesD2zxOT0E0AxM$A","Simple avec alignement","864 x 2000mm","C1020","Interior Doors","5ET","0.86","1.95","north-corridor","510","3.70 W/(m²·K)","0.27 (m²·K)/W","0.05"
"3M_k3tesD2zxOT0E0AxM_u","Simple avec alignement","864 x 2000mm","C1020","Interior Doors","5ET","0.86","1.95","north-corridor","506","3.70 W/(m²·K)","0.27 (m²·K)/W","0.05"
"3M_k3tesD2zxOT0E0AxMyI","Simple avec alignement","864 x 2000mm","C1020","Interior Doors","5ET","0.86","1.95","508","north-corridor","3.70 W/(m²·K)","0.27 (m²·K)/W","0.05"
"3M_k3tesD2zxOT0E0AxMxw","Simple avec alignement","864 x 2000mm","C1020","Interior Doors","5ET","0.86","1.95","waiting-area","516","3.70 W/(m²·K)","0.27 (m²·K)/W","0.05"
"3M_k3tesD2zxOT0E0AxMwo","Simple avec alignement","864 x 2000mm","C1020","Interior Doors","5ET","0.86","1.95","south-corridor","520","3.70 W/(m²·K)","0.27 (m²·K)/W","0.05"
"3M_k3tesD2zxOT0E0AxMvI","Simple avec alignement","864 x 2000mm","C1020","Interior Doors","5ET","0.86","1.95","south-corridor","520","3.70 W/(m²·K)","0.27 (m²·K)/W","0.05"
"3M_k3tesD2zxOT0E0AxMva","Simple avec alignement","864 x 2000mm","C1020","Interior Doors","5ET","0.86","1.95","south-corridor","526","3.70 W/(m²·K)","0.27 (m²·K)/W","0.05"
"0VCuv0JOP1KuCC8aFa$bsZ","Placard coulissante - 2 panneaux","Placard coulissante - 2 panneaux","C1020","Interior Doors","4ET","2.00","2.10","424","","3.70 W/(m²·K)","0.27 (m²·K)/W","0.02"
"0VCuv0JOP1KuCC8aFa$bxv","Placard coulissante - 2 panneaux","Placard coulissante - 2 panneaux","C1020","Interior Doors","4ET","2.00","2.10","","426","3.70 W/(m²·K)","0.27 (m²·K)/W","0.02"
"0VCuv0JOP1KuCC8aFa$b_x","Placard coulissante - 2 panneaux","Placard coulissante - 2 panneaux","C1020","Interior Doors","4ET","2.00","2.10","","430","3.70 W/(m²·K)","0.27 (m²·K)/W","0.02"
"0VCuv0JOP1KuCC8aFa$byp","Placard coulissante - 2 panneaux","Placard coulissante - 2 panneaux","C1020","Interior Doors","4ET","2.00","2.10","408","","3.70 W/(m²·K)","0.27 (m²·K)/W","0.02"
"0VCuv0JOP1KuCC8aFa$c2T","Placard coulissante - 2 panneaux","Placard coulissante - 2 panneaux","C1020","Interior Doors","4ET","2.00","2.10","406","","3.70 W/(m²·K)","0.27 (m²·K)/W","0.02"
"0VCuv0JOP1KuCC8aFa$c2l","Placard coulissante - 2 panneaux","Placard coulissante - 2 panneaux","C1020","Interior Doors","4ET","2.00","2.10","407","","3.70 W/(m²·K)","0.27 (m²·K)/W","0.02"
"0VCuv0JOP1KuCC8aFa$c07","Placard coulissante - 2 panneaux","Placard coulissante - 2 panneaux","C1020","Interior Doors","4ET","2.00","2.10","","409","3.70 W/(m²·K)","0.27 (m²·K)/W","0.02"
"0VCuv0JOP1KuCC8aFa$c13","Placard coulissante - 2 panneaux","Placard coulissante - 2 panneaux","C1020","Interior Doors","4ET","2.00","2.10","425","","3.70 W/(m²·K)","0.27 (m²·K)/W","0.02"
"0VCuv0JOP1KuCC8aFa$c6r","Placard coulissante - 2 panneaux","Placard coulissante - 2 panneaux","C1020","Interior Doors","4ET","2.00","2.10","429","","3.70 W/(m²·K)","0.27 (m²·K)/W","0.02"
"2KP44OknLEdQ$v_TmkS8Gl","Simple avec alignement","0762 x 2032mm","C10","Interior Construction","4ET","0.76","2.03","431H","431H","3.70 W/(m²·K)","0.27 (m²·K)/W","0.05"
"2KP44OknLEdQ$v_TmkS8UR","Simple avec alignement","0762 x 2032mm","C10","Interior Construction","4ET","0.76","2.03","431","431","3.70 W/(m²·K)","0.27 (m²·K)/W","0.05"
"2KP44OknLEdQ$v_TmkS8S3","Placard coulissante - 2 panneaux","Placard coulissante - 2 panneaux","C1020","Interior Doors","5ET","2.00","2.10","507","507","3.70 W/(m²·K)","0.27 (m²·K)/W","0.02"
"2KP44OknLEdQ$v_TmkS8Rn","Placard coulissante - 2 panneaux","Placard coulissante - 2 panneaux","C1020","Interior Doors","5ET","2.00","2.10","511","511","3.70 W/(m²·K)","0.27 (m²·K)/W","0.02"
"2KP44OknLEdQ$v_TmkS8Oe","Placard coulissante - 2 panneaux","Placard coulissante - 2 panneaux","C1020","Interior Doors","5ET","2.00","2.10","529","529","3.70 W/(m²·K)","0.27 (m²·K)/W","0.02"
"2KP44OknLEdQ$v_TmkS87C","Placard coulissante - 2 panneaux","Placard coulissante - 2 panneaux","C1020","Interior Doors","5ET","2.00","2.10","525","525","3.70 W/(m²·K)","0.27 (m²·K)/W","0.02"
"2KP44OknLEdQ$v_TmkS86A","Simple avec alignement","864 x 2000mm","C1020","Interior Doors","5ET","0.86","1.95","south-corridor","531H","3.70 W/(m²·K)","0.27 (m²·K)/W","0.05"
"2KP44OknLEdQ$v_TmkS85I","Simple avec alignement","864 x 2000mm","C1020","Interior Doors","5ET","0.86","1.95","531F","531F","3.70 W/(m²·K)","0.27 (m²·K)/W","0.05"
"2KP44OknLEdQ$v_TmkS840","Simple avec alignement","864 x 2000mm","C1020","Interior Doors","5ET","0.86","1.95","south-corridor","531F","3.70 W/(m²·K)","0.27 (m²·K)/W","0.05"
"2KP44OknLEdQ$v_TmkS84e","Simple avec alignement","864 x 2000mm","C1020","Interior Doors","5ET","0.86","1.95","south-corridor","528","3.70 W/(m²·K)","0.27 (m²·K)/W","0.05"
"2KP44OknLEdQ$v_TmkS828","Simple avec alignement","864 x 2000mm","C1020","Interior Doors","5ET","0.86","1.95","south-corridor","532","3.70 W/(m²·K)","0.27 (m²·K)/W","0.05"
"2KP44OknLEdQ$v_TmkS81_","Simple avec alignement","864 x 2000mm","C1020","Interior Doors","5ET","0.86","1.95","south-corridor","530","3.70 W/(m²·K)","0.27 (m²·K)/W","0.05"
"2KP44OknLEdQ$v_TmkS8FO","Simple avec alignement","864 x 2000mm","C1020","Interior Doors","5ET","0.86","1.95","south-corridor","522","3.70 W/(m²·K)","0.27 (m²·K)/W","0.05"
"2KP44OknLEdQ$v_TmkS8CX","Coulissante - Apparente","0.80m x 2.04m","C1020","Interior Doors","5ET","0.80","2.04","501F","501F","3.70 W/(m²·K)","0.27 (m²·K)/W","0.04"
"2KP44OknLEdQ$v_TmkS8sh","Simple avec alignement","864 x 2000mm","C1020","Interior Doors","5ET","0.86","1.95","south-corridor","521","3.70 W/(m²·K)","0.27 (m²·K)/W","0.05"
"2KP44OknLEdQ$v_TmkS8rd","Simple avec alignement","864 x 2000mm","C1020","Interior Doors","5ET","0.86","1.95","south-corridor","523","3.70 W/(m²·K)","0.27 (m²·K)/W","0.05"
"2KP44OknLEdQ$v_TmkS8qn","Simple avec alignement","864 x 2000mm","C1020","Interior Doors","5ET","0.86","1.95","south-corridor","525","3.70 W/(m²·K)","0.27 (m²·K)/W","0.05"
"2KP44OknLEdQ$v_TmkS8ol","Simple avec alignement","864 x 2000mm","C1020","Interior Doors","5ET","0.86","1.95","south-corridor","529","3.70 W/(m²·K)","0.27 (m²·K)/W","0.05"
"2KP44OknLEdQ$v_TmkS8nr","Simple avec alignement","864 x 2000mm","C1020","Interior Doors","5ET","0.86","1.95","south-corridor","528","3.70 W/(m²·K)","0.27 (m²·K)/W","0.05"
"2KP44OknLEdQ$v_TmkS8$P","Simple avec alignement","864 x 2000mm","C1020","Interior Doors","5ET","0.86","1.95","516","514","3.70 W/(m²·K)","0.27 (m²·K)/W","0.05"
"2KP44OknLEdQ$v_TmkS8vT","Simple avec alignement","0762 x 2032mm","C10","Interior Construction","5ET","0.76","2.03","531F","531F","3.70 W/(m²·K)","0.27 (m²·K)/W","0.05"
"2KP44OknLEdQ$v_TmkS8uV","Simple avec alignement","0762 x 2032mm","C10","Interior Construction","5ET","0.76","2.03","531H","531H","3.70 W/(m²·K)","0.27 (m²·K)/W","0.05"
"2KP44OknLEdQ$v_TmkS8Xd","Double (R)","1.43m x 2.04m","C1020","Interior Doors","5ET","1.43","2.04","522","south-corridor","3.70 W/(m²·K)","0.27 (m²·K)/W","0.04"
"2KP44OknLEdQ$v_TmkS8k1","Double (R)","1.63m x 2.04m","C1020","Interior Doors","5ET","1.63","2.04","514","waiting-area","3.70 W/(m²·K)","0.27 (m²·K)/W","0.04"
"2KP44OknLEdQ$v_TmkS8jP","Double (R)","1.63m x 2.04m","C1020","Interior Doors","5ET","1.63","2.04","stairlanding","waiting-area","3.70 W/(m²·K)","0.27 (m²·K)/W","0.04"
"2KP44OknLEdQ$v_TmkS8iO","Double (R)","1.63m x 2.04m","C1020","Interior Doors","5ET","1.63","2.04","waiting-area","north-corridor","3.70 W/(m²·K)","0.27 (m²·K)/W","0.04"
"2KP44OknLEdQ$v_TmkS9K4","Double (R)","1.83m x 2.04m","C1020","Interior Doors","5ET","1.83","2.04","south-corridor","waiting-area","3.70 W/(m²·K)","0.27 (m²·K)/W","0.04"
"3j2rrPpW531hKxsY1Sb58z","Placard coulissante - 2 panneaux","Placard coulissante - 2 panneaux","C1020","Interior Doors","5ET","2.00","2.10","504","504","3.70 W/(m²·K)","0.27 (m²·K)/W","0.02"
"3j2rrPpW531hKxsY1Sb5Fx","Placard coulissante - 2 panneaux","Placard coulissante - 2 panneaux","C1020","Interior Doors","5ET","2.00","2.10","510","510","3.70 W/(m²·K)","0.27 (m²·K)/W","0.02"
"3j2rrPpW531hKxsY1Sb5H$","Placard coulissante - 2 panneaux","Placard coulissante - 2 panneaux","C1020","Interior Doors","5ET","2.00","2.10","532","532","3.70 W/(m²·K)","0.27 (m²·K)/W","0.02"
"3j2rrPpW531hKxsY1Sb5GJ","Placard coulissante - 2 panneaux","Placard coulissante - 2 panneaux","C1020","Interior Doors","5ET","2.00","2.10","526","526","3.70 W/(m²·K)","0.27 (m²·K)/W","0.02"
"3j2rrPpW531hKxsY1Sb5Gn","Placard coulissante - 2 panneaux","Placard coulissante - 2 panneaux","C1020","Interior Doors","5ET","2.00","2.10","530","530","3.70 W/(m²·K)","0.27 (m²·K)/W","0.02"
"3j2rrPpW531hKxsY1Sb5Mj","Double (R)","1.20 m x 2.04 m","C1020","Interior Doors","5ET","1.00","2.04","south-corridor","5ETSTS1","3.70 W/(m²·K)","0.27 (m²·K)/W","0.04"
"3j2rrPpW531hKxsY1Sb5Kx","Double (R)","1.20 m x 2.04 m","C1020","Interior Doors","5ET","1.00","2.04","south-corridor","5ETSTS1","3.70 W/(m²·K)","0.27 (m²·K)/W","0.04"
"3j2rrPpW531hKxsY1Sb5UR","Placard coulissante - 3 panneaux","Placard coulissante - 3 panneaux 3","C1020","Interior Doors","5ET","3.50","2.10","502","502","3.70 W/(m²·K)","0.27 (m²·K)/W","0.02"
"3j2rrPpW531hKxsY1Sb5Zi","Simple avec alignement","0762 x 2032mm","C10","Interior Construction","5ET","0.76","2.03","501H","501H","3.70 W/(m²·K)","0.27 (m²·K)/W","0.05"
"3j2rrPpW531hKxsY1Sb5cf","Placard coulissante - 3 panneaux","Placard coulissante - 3 panneaux 3","C1020","Interior Doors","5ET","3.50","2.10","503","503","3.70 W/(m²·K)","0.27 (m²·K)/W","0.02"
"3j2rrPpW531hKxsY1Sb5hl","Double (R)","1.20 m x 2.04 m","C1020","Interior Doors","5ET","1.00","2.04","north-corridor","5ETNTS1","3.70 W/(m²·K)","0.27 (m²·K)/W","0.04"
"3j2rrPpW531hKxsY1Sb5gx","Double (R)","1.20 m x 2.04 m","C1020","Interior Doors","5ET","1.00","2.04","north-corridor","5ETNTS1","3.70 W/(m²·K)","0.27 (m²·K)/W","0.04"
"0O$e_598j9jPfz9kkIketH","Simple avec alignement","864 x 2000mm","C1020","Interior Doors","6ET","0.86","1.95","610","604","3.70 W/(m²·K)","0.27 (m²·K)/W","0.05"
"0O$e_598j9jPfz9kkIketJ","Simple avec alignement","864 x 2000mm","C1020","Interior Doors","6ET","0.86","1.95","610","605","3.70 W/(m²·K)","0.27 (m²·K)/W","0.05"
"0O$e_598j9jPfz9kkIketr","Simple avec alignement","864 x 2000mm","C1020","Interior Doors","6ET","0.86","1.95","610","607","3.70 W/(m²·K)","0.27 (m²·K)/W","0.05"
"0O$e_598j9jPfz9kkIkes7","Simple avec alignement","864 x 2000mm","C1020","Interior Doors","6ET","0.86","1.95","610","603","3.70 W/(m²·K)","0.27 (m²·K)/W","0.05"
"0O$e_598j9jPfz9kkIkerM","Simple avec alignement","864 x 2000mm","C1020","Interior Doors","6ET","0.86","1.95","609","611","3.70 W/(m²·K)","0.27 (m²·K)/W","0.05"
"0O$e_598j9jPfz9kkIkeq0","Simple avec alignement","864 x 2000mm","C1020","Interior Doors","6ET","0.86","1.95","631F","620","3.70 W/(m²·K)","0.27 (m²·K)/W","0.05"
"0O$e_598j9jPfz9kkIkeht","Simple avec alignement","864 x 2000mm","C1020","Interior Doors","6ET","0.86","1.95","kitchen","634","3.70 W/(m²·K)","0.27 (m²·K)/W","0.05"
"0O$e_598j9jPfz9kkIkegv","Simple avec alignement","864 x 2000mm","C1020","Interior Doors","6ET","0.86","1.95","631F","631F","3.70 W/(m²·K)","0.27 (m²·K)/W","0.05"
"3Zm27myTX4Xg_2gNB4a7MW","Simple avec alignement","864 x 2000mm","C1020","Interior Doors","6ET","0.86","1.95","631PMR","620","3.70 W/(m²·K)","0.27 (m²·K)/W","0.05"
"3Zm27myTX4Xg_2gNB4a7Nu","Simple avec alignement","864 x 2000mm","C1020","Interior Doors","6ET","0.86","1.95","620","631H","3.70 W/(m²·K)","0.27 (m²·K)/W","0.05"
"3Zm27myTX4Xg_2gNB4a7KL","Double (R)","1.43m x 2.04m","C1020","Interior Doors","6ET","1.43","2.04","cloakarea","610","3.70 W/(m²·K)","0.27 (m²·K)/W","0.04"
"3Zm27myTX4Xg_2gNB4a7LU","Double (R)","1.43m x 2.04m","C1020","Interior Doors","6ET","1.43","2.04","620","cloakarea","3.70 W/(m²·K)","0.27 (m²·K)/W","0.04"
"3Zm27myTX4Xg_2gNB4a7Qz","Double (R)","1.63m x 2.04m","C1020","Interior Doors","6ET","1.63","2.04","stairlanding","cloakarea","3.70 W/(m²·K)","0.27 (m²·K)/W","0.04"
"3Zm27myTX4Xg_2gNB4a7RC","Double (R)","1.20 m x 2.04 m","C1020","Interior Doors","6ET","1.00","2.04","609","6ETNTS1","3.70 W/(m²·K)","0.27 (m²·K)/W","0.04"
"3Zm27myTX4Xg_2gNB4a7Oi","Double (R)","1.20 m x 2.04 m","C1020","Interior Doors","6ET","1.00","2.04","609","6ETNTS1","3.70 W/(m²·K)","0.27 (m²·K)/W","0.04"
"3Zm27myTX4Xg_2gNB4a7PS","Simple avec alignement","0762 x 2032mm","C10","Interior Construction","6ET","0.76","2.03","631H","631H","3.70 W/(m²·K)","0.27 (m²·K)/W","0.05"
"3Zm27myTX4Xg_2gNB4a7UC","Simple avec alignement","0762 x 2032mm","C10","Interior Construction","6ET","0.76","2.03","631PMR","631PMR","3.70 W/(m²·K)","0.27 (m²·K)/W","0.05"
"3Zm27myTX4Xg_2gNB4a7VI","Simple avec alignement","0762 x 2032mm","C10","Interior Construction","6ET","0.76","2.03","631PMR","631PMR","3.70 W/(m²·K)","0.27 (m²·K)/W","0.05"
"3uCXH$TjHBVxcqaEeAwxla","Double (R)","1.20 m x 2.04 m","C1020","Interior Doors","6ET","1.00","2.04","620","6ETSTS1","3.70 W/(m²·K)","0.27 (m²·K)/W","0.04"
"3uCXH$TjHBVxcqaEeAwyHK","Double (R)","1.20 m x 2.04 m","C1020","Interior Doors","6ET","1.00","2.04","620","6ETSTS1","3.70 W/(m²·K)","0.27 (m²·K)/W","0.04"
"3uCXH$TjHBVxcqaEeAwyKi","Placard coulissante - 2 panneaux","Placard coulissante - 2 panneaux 2","C1020","Interior Doors","6ET","1.50","2.10","631PMR","631PMR","3.70 W/(m²·K)","0.27 (m²·K)/W","0.02"
"3x$o66KOb0mRMnez4qitdX","Simple avec alignement","864 x 2000mm","C1020","Interior Doors","1ET","0.86","1.95","south-corridor","121","3.70 W/(m²·K)","0.27 (m²·K)/W","0.05"
"3x$o66KOb0mRMnez4qivZ9","Double (R)","1.20 m x 2.04 m","C1020","Interior Doors","1ET","1.00","2.04","111","1ETNTS1","3.70 W/(m²·K)","0.27 (m²·K)/W","0.04"
"3x$o66KOb0mRMnez4qivYv","Double (R)","1.20 m x 2.04 m","C1020","Interior Doors","1ET","1.00","2.04","111","1ETNTS1","3.70 W/(m²·K)","0.27 (m²·K)/W","0.04"
"3Q6P26NP17COkydppomwbb","Simple avec alignement","864 x 2000mm","C1020","Interior Doors","2ET","0.86","1.95","207","203","3.70 W/(m²·K)","0.27 (m²·K)/W","0.05"
"3Q6P26NP17COkydppomwYc","Simple avec alignement","864 x 2000mm","C1020","Interior Doors","2ET","0.86","1.95","207","211","3.70 W/(m²·K)","0.27 (m²·K)/W","0.05"
"3Q6P26NP17COkydppomwWq","Placard coulissante - 2 panneaux","Placard coulissante - 2 panneaux 2","C1020","Interior Doors","3ET","1.50","2.10","314","316","3.70 W/(m²·K)","0.27 (m²·K)/W","0.02"
"3Q6P26NP17COkydppomwWC","Placard coulissante - 2 panneaux","Placard coulissante - 2 panneaux 2","C1020","Interior Doors","3ET","1.50","2.10","314","316","3.70 W/(m²·K)","0.27 (m²·K)/W","0.02"
"0LVIjSJbjBZw1Vj0TYSS5u","Double vitrée","Double vitrée","B2030100","Glazed Doors & Entrances","2ET","1.81","2.44","","","3.69 W/(m²·K)","0.27 (m²·K)/W","0.05"
"0LVIjSJbjBZw1Vj0TYSS5i","Double vitrée","Double vitrée","B2030100","Glazed Doors & Entrances","3ET","1.70","2.44","","","3.69 W/(m²·K)","0.27 (m²·K)/W","0.05"
"0LVIjSJbjBZw1Vj0TYSS5W","Double vitrée","Double vitrée","B2030100","Glazed Doors & Entrances","4ET","1.56","2.44","south-corridor","","3.69 W/(m²·K)","0.27 (m²·K)/W","0.05"
"0LVIjSJbjBZw1Vj0TYSS2K","Double vitrée","Double vitrée","B2030100","Glazed Doors & Entrances","5ET","1.57","2.44","south-corridor","","3.69 W/(m²·K)","0.27 (m²·K)/W","0.05"
"0JCqc5giX8ZBmwCviNpiQy","Simple avec alignement","0915 x 2134mm","C1020","Interior Doors","ENT","0.92","2.13","003","011","3.70 W/(m²·K)","0.27 (m²·K)/W","0.05"
"0JCqc5giX8ZBmwCviNpiTn","Simple avec alignement","0915 x 2134mm","C1020","Interior Doors","ENT","0.92","2.13","022","026","3.70 W/(m²·K)","0.27 (m²·K)/W","0.05"
"0JCqc5giX8ZBmwCviNpiVa","Simple avec alignement","0915 x 2134mm","C1020","Interior Doors","ENT","0.92","2.13","022","026","3.70 W/(m²·K)","0.27 (m²·K)/W","0.05"
"0JCqc5giX8ZBmwCviNplWy","Double (R)","1.63m x 2.04m","C1020","Interior Doors","ENT","1.63","2.04","000","026","3.70 W/(m²·K)","0.27 (m²·K)/W","0.04"
"0JCqc5giX8ZBmwCviNplYp","Double (R)","1.63m x 2.04m","C1020","Interior Doors","ENT","1.63","2.04","000","stairlanding","3.70 W/(m²·K)","0.27 (m²·K)/W","0.04"
"0JCqc5giX8ZBmwCviNplbe","Double (R)","1.63m x 2.04m","C1020","Interior Doors","ENT","1.63","2.04","007","011","3.70 W/(m²·K)","0.27 (m²·K)/W","0.04"
"0JCqc5giX8ZBmwCviNpla6","Double (R)","1.63m x 2.04m","C1020","Interior Doors","ENT","1.63","2.04","009","stairlanding","3.70 W/(m²·K)","0.27 (m²·K)/W","0.04"
"0JCqc5giX8ZBmwCviNplfk","Tierce (R)","1.23m x 2.04m","C1020","Interior Doors","ENT","1.23","2.04","007B","011","3.70 W/(m²·K)","0.27 (m²·K)/W","0.04"
"1DDd_SBRj1e8DfgHJsdSqp","Double (R)","1.20 m x 2.04 m","C1020","Interior Doors","ENT","1.00","2.04","022","ENTST1","3.70 W/(m²·K)","0.27 (m²·K)/W","0.04"
"1DDd_SBRj1e8DfgHJsdSrV","Double (R)","1.20 m x 2.04 m","C1020","Interior Doors","ENT","1.00","2.04","022","ENTST1","3.70 W/(m²·K)","0.27 (m²·K)/W","0.04"
"1DDd_SBRj1e8DfgHJsdSsV","Double (R)","1.20 m x 2.04 m","C1020","Interior Doors","ENT","1.00","2.04","022","ENTST1","3.70 W/(m²·K)","0.27 (m²·K)/W","0.04"
"1DDd_SBRj1e8DfgHJsdSpu","Simple avec alignement","0864 x 2134mm","C1020","Interior Doors","RDC","0.86","2.13","022","032-1","3.70 W/(m²·K)","0.27 (m²·K)/W","0.05"
"0h1417sob1_w6opPcsjJz_","Simple avec alignement","0915 x 2134mm","C1020","Interior Doors","ENT","0.92","2.13","034","033","3.70 W/(m²·K)","0.27 (m²·K)/W","0.05"
"3yVgTujnH8luUM73l2$Lwv","Coulissante - Apparente","1.00m x 2.04m","C1020","Interior Doors","ENT","1.00","2.04","030","026","3.70 W/(m²·K)","0.27 (m²·K)/W","0.04"
"3a0lNjjivBheGiB1xP9TQG","Placard coulissante - 2 panneaux","Placard coulissante - 2 panneaux 2","C1020","Interior Doors","3ET","1.50","2.10","","321","3.70 W/(m²·K)","0.27 (m²·K)/W","0.02"
"3j4jTpVHD55uGl92DlN6Gp","Double vitrée","Double vitrée","B2030100","Glazed Doors & Entrances","1ET","1.52","2.44","","035","3.69 W/(m²·K)","0.27 (m²·K)/W","0.05"
"3j4jTpVHD55uGl92DlN6Jq","Double vitrée","Double vitrée","B2030100","Glazed Doors & Entrances","1ET","1.52","2.44","","035","3.69 W/(m²·K)","0.27 (m²·K)/W","0.05"
"3j4jTpVHD55uGl92DlN6IQ","Double vitrée","Double vitrée","B2030100","Glazed Doors & Entrances","1ET","1.52","2.44","","035","3.69 W/(m²·K)","0.27 (m²·K)/W","0.05"
"0_bwNY7XH0GuyfMC0_jr7y","Simple avec alignement","864 x 2000mm","C1020","Interior Doors","4ET","0.86","1.95","north-corridor","411","3.70 W/(m²·K)","0.27 (m²·K)/W","0.05"
"3RoOm16i14EfXhPT2fqS1T","Tierce (R)","1.23m x 2.04m","C1020","Interior Doors","RDC","1.23","2.04","035","024","3.70 W/(m²·K)","0.27 (m²·K)/W","0.04"
"1wlQDthdXBoR7TriYriE8J","Portes Ascenseur","16 pers. - 1250kg","C1020","Interior Doors","ENT","0.00","0.00","lift2","stairlanding","","","0.00"
"1wlQDthdXBoR7TriYriE8I","Portes Ascenseur","16 pers. - 1250kg","C1020","Interior Doors","ENT","0.00","0.00","lift1","stairlanding","","","0.00"
"2OdB4Kysb5Yx_KSESs3Lnw","Ext. Double","Plein - 1.80 m x 2.15 m","","","RDC","1.80","2.15","","000","3.69 W/(m²·K)","0.27 (m²·K)/W","0.05"
"1f4VopCIn1gAHviU1RhMVc","Double (R)","1.43m x 2.04m","C1020","Interior Doors","ENT","1.43","2.04","009","011","3.70 W/(m²·K)","0.27 (m²·K)/W","0.04"
"2E_cmeIJn1_gltefr7C73F","Ext. Double","Vitrée avec traverse - 1.80 m x 2.15 m","","","ENT","1.80","2.15","","stairlanding","3.69 W/(m²·K)","0.27 (m²·K)/W","0.05"
"03Q4jLetPAPwV3ruhYO6gQ","Double (R)","1.43m x 2.04m","C1020","Interior Doors","1ET","1.43","2.04","103","north-corridor","3.70 W/(m²·K)","0.27 (m²·K)/W","0.04"
"03Q4jLetPAPwV3ruhYO6gR","Double (R)","1.43m x 2.04m","C1020","Interior Doors","1ET","1.43","2.04","111","north-corridor","3.70 W/(m²·K)","0.27 (m²·K)/W","0.04"
"1VMOlJ3knDeODu7af36Nwh","Simple avec alignement","864 x 2000mm","C1020","Interior Doors","4ET","0.86","1.95","416","414","3.70 W/(m²·K)","0.27 (m²·K)/W","0.05"
"06QU6VoTb6LOxL61vfJ_xp","Placard coulissante - 2 panneaux","Placard coulissante - 2 panneaux","C1020","Interior Doors","4ET","2.00","2.10","","432","3.70 W/(m²·K)","0.27 (m²·K)/W","0.02"
"06QU6VoTb6LOxL61vfJ_qz","Placard coulissante - 2 panneaux","Placard coulissante - 2 panneaux","C1020","Interior Doors","4ET","2.00","2.10","","432","3.70 W/(m²·K)","0.27 (m²·K)/W","0.02"
"2l$Wp9R9D4e9dkX8kQy35r","Simple avec alignement","0915 x 2134mm","C1020","Interior Doors","RDC","0.92","2.13","005-1","005-2","3.70 W/(m²·K)","0.27 (m²·K)/W","0.05"
"3nwWKGg1v0Au54T_Nx$Udc","Coulissante - Apparente","0.80m x 2.04m","C1020","Interior Doors","1ET","0.80","2.04","134","134","3.70 W/(m²·K)","0.27 (m²·K)/W","0.04"
"26JZu79QnAxQovoEhys4NR","Double (R)","1.43m x 2.04m","C1020","Interior Doors","3ET","1.43","2.04","waiting-area","north-corridor","3.70 W/(m²·K)","0.27 (m²·K)/W","0.04"
"0QC_c1w8j6nf9rGBcNjaSL","Simple avec alignement","864 x 2000mm","C1020","Interior Doors","4ET","0.86","1.95","south-corridor","428","3.70 W/(m²·K)","0.27 (m²·K)/W","0.05"
"2MdVwm5tHB8O2AnKvxSqjz","Double (R)","1.63m x 2.04m","C1020","Interior Doors","4ET","1.63","2.04","waiting-area","north-corridor","3.70 W/(m²·K)","0.27 (m²·K)/W","0.04"
"3ipRFivfD2RetyMn15GA$I","Simple avec alignement","864 x 2000mm","C1020","Interior Doors","6ET","0.86","1.95","610","609","3.70 W/(m²·K)","0.27 (m²·K)/W","0.05"
"0nE4lwtJLCMf21yITjzghw","Double vitrée","Double vitrée","B2030100","Glazed Doors & Entrances","6ET","1.52","2.44","620","","3.69 W/(m²·K)","0.27 (m²·K)/W","0.05"
"0nE4lwtJLCMf21yITjzjon","Double vitrée","Double vitrée","B2030100","Glazed Doors & Entrances","1ET","1.84","2.44","","","3.69 W/(m²·K)","0.27 (m²·K)/W","0.05"
