"IfcGUID","Description","Dimensions (m)","Level","Conductivité thermique U (W/(m2.K))","Résistance thermique R ((m2.K)/W)","Largeur (m)","Hauteur (m)","From Room: Number","To Room: Number"
"26JZu79QnAxQovoEhys5f9","1 vantail - Fixe - Intérieur","0.5m x 2.10m","3ET","5.56 W/(m²·K)","0.18 (m²·K)/W","0.40","2.06","322","south-corridor"
"26JZu79QnAxQovoEhys5f3","1 vantail - Fixe - Intérieur","0.5m x 2.10m","2ET","5.56 W/(m²·K)","0.18 (m²·K)/W","0.40","2.06","322","south-corridor"
"0QC_c1w8j6nf9rGBcNjZ3N","1 vantail - Fixe - Intérieur","0.6m x 0.90m","4ET","5.56 W/(m²·K)","0.18 (m²·K)/W","0.60","0.90","405","north-corridor"
"0QC_c1w8j6nf9rGBcNjZV4","1 vantail - Fixe - Intérieur","0.6m x 0.90m","4ET","5.56 W/(m²·K)","0.18 (m²·K)/W","0.60","0.90","405","north-corridor"
"0QC_c1w8j6nf9rGBcNjZSq","1 vantail - Fixe - Intérieur","0.6m x 0.90m","4ET","5.56 W/(m²·K)","0.18 (m²·K)/W","0.60","0.90","405","north-corridor"
"0QC_c1w8j6nf9rGBcNjZRV","1 vantail - Fixe - Intérieur","0.6m x 0.90m","4ET","5.56 W/(m²·K)","0.18 (m²·K)/W","0.60","0.90","405","north-corridor"
"0QC_c1w8j6nf9rGBcNjZQn","1 vantail - Fixe - Intérieur","0.6m x 0.90m","4ET","5.56 W/(m²·K)","0.18 (m²·K)/W","0.60","0.90","405","north-corridor"
"0QC_c1w8j6nf9rGBcNjZQJ","1 vantail - Fixe - Intérieur","0.6m x 0.90m","4ET","5.56 W/(m²·K)","0.18 (m²·K)/W","0.60","0.90","405","north-corridor"
"0QC_c1w8j6nf9rGBcNjZOq","1 vantail - Fixe - Intérieur","0.6m x 0.90m","4ET","5.56 W/(m²·K)","0.18 (m²·K)/W","0.60","0.90","405","north-corridor"
"0QC_c1w8j6nf9rGBcNjZOM","1 vantail - Fixe - Intérieur","0.6m x 0.90m","4ET","5.56 W/(m²·K)","0.18 (m²·K)/W","0.60","0.90","405","north-corridor"
"26JZu79QnAxQovoEhys40Z","1 vantail - Fixe - Intérieur","0.8m x 2.10m","3ET","5.56 W/(m²·K)","0.18 (m²·K)/W","0.80","2.06","north-corridor","300"
"26JZu79QnAxQovoEhys4O8","1 vantail - Fixe - Intérieur","0.8m x 2.10m","3ET","5.56 W/(m²·K)","0.18 (m²·K)/W","0.80","2.06","north-corridor","300"
"3ipRFivfD2RetyMn15GAxR","1 vantail - Fixe - Intérieur","0.9m x 0.90m","6ET","5.56 W/(m²·K)","0.18 (m²·K)/W","0.90","0.90","609","610"
"3ipRFivfD2RetyMn15GAZk","1 vantail - Fixe - Intérieur","0.9m x 0.90m","6ET","5.56 W/(m²·K)","0.18 (m²·K)/W","0.90","0.90","607","610"
"3ipRFivfD2RetyMn15GAa2","1 vantail - Fixe - Intérieur","0.9m x 0.90m","6ET","5.56 W/(m²·K)","0.18 (m²·K)/W","0.90","0.90","607","610"
"3ipRFivfD2RetyMn15G9P8","1 vantail - Fixe - Intérieur","0.9m x 0.90m","6ET","5.56 W/(m²·K)","0.18 (m²·K)/W","0.90","0.90","604","610"
"3ipRFivfD2RetyMn15G9PJ","1 vantail - Fixe - Intérieur","0.9m x 0.90m","6ET","5.56 W/(m²·K)","0.18 (m²·K)/W","0.90","0.90","610","604"
"3ipRFivfD2RetyMn15G9RD","1 vantail - Fixe - Intérieur","0.9m x 0.90m","6ET","5.56 W/(m²·K)","0.18 (m²·K)/W","0.90","0.90","604","610"
"3ipRFivfD2RetyMn15G9RC","1 vantail - Fixe - Intérieur","0.9m x 0.90m","6ET","5.56 W/(m²·K)","0.18 (m²·K)/W","0.90","0.90","610","604"
"0bG13Ek5D8xgIIjm2QDDmI","1 vantail - Fixe - Intérieur","0.9m x 0.90m","6ET","5.56 W/(m²·K)","0.18 (m²·K)/W","0.90","0.90","611","609"
"0QC_c1w8j6nf9rGBcNjaPT","1 vantail - Fixe - Intérieur","0.9m x 1.1m","4ET","5.56 W/(m²·K)","0.18 (m²·K)/W","1.10","0.90","south-corridor","428"
"0QC_c1w8j6nf9rGBcNjaOS","1 vantail - Fixe - Intérieur","0.9m x 1.1m","4ET","5.56 W/(m²·K)","0.18 (m²·K)/W","1.10","0.90","south-corridor","428"
"0a_hlvWo11kemlZznb3mZA","1 vantail - Fixe - Intérieur","0.9m x 1.1m","5ET","5.56 W/(m²·K)","0.18 (m²·K)/W","1.10","0.90","south-corridor","522"
"0a_hlvWo11kemlZznb3mXO","1 vantail - Fixe - Intérieur","0.9m x 1.1m","5ET","5.56 W/(m²·K)","0.18 (m²·K)/W","1.10","0.90","522","south-corridor"
"0a_hlvWo11kemlZznb3q$u","1 vantail - Fixe - Intérieur","0.9m x 1.1m","5ET","5.56 W/(m²·K)","0.18 (m²·K)/W","1.10","0.90","528","south-corridor"
"0a_hlvWo11kemlZznb3qyk","1 vantail - Fixe - Intérieur","0.9m x 1.1m","5ET","5.56 W/(m²·K)","0.18 (m²·K)/W","1.10","0.90","528","south-corridor"
"0a_hlvWo11kemlZznb3qzK","1 vantail - Fixe - Intérieur","0.9m x 1.1m","5ET","5.56 W/(m²·K)","0.18 (m²·K)/W","1.10","0.90","528","south-corridor"
"0a_hlvWo11kemlZznb3rUW","1 vantail - Fixe - Intérieur","0.9m x 1.1m","5ET","5.56 W/(m²·K)","0.18 (m²·K)/W","1.10","0.90","514","waiting-area"
"0a_hlvWo11kemlZznb3rZw","1 vantail - Fixe - Intérieur","0.9m x 1.1m","5ET","5.56 W/(m²·K)","0.18 (m²·K)/W","1.10","0.90","514","waiting-area"
"0a_hlvWo11kemlZznb3rXL","1 vantail - Fixe - Intérieur","0.9m x 1.1m","5ET","5.56 W/(m²·K)","0.18 (m²·K)/W","1.10","0.90","514","waiting-area"
"0a_hlvWo11kemlZznb3rXx","1 vantail - Fixe - Intérieur","0.9m x 1.1m","5ET","5.56 W/(m²·K)","0.18 (m²·K)/W","1.10","0.90","514","waiting-area"
"3ipRFivfD2RetyMn15GAwT","1 vantail - Fixe - Intérieur","0.9m x 1.1m","6ET","5.56 W/(m²·K)","0.18 (m²·K)/W","1.10","0.90","609","610"
"3ipRFivfD2RetyMn15GAxJ","1 vantail - Fixe - Intérieur","0.9m x 1.1m","6ET","5.56 W/(m²·K)","0.18 (m²·K)/W","1.10","0.90","610","609"
"3ipRFivfD2RetyMn15GAyr","1 vantail - Fixe - Intérieur","0.9m x 1.1m","6ET","5.56 W/(m²·K)","0.18 (m²·K)/W","1.10","0.90","610","609"
"3ipRFivfD2RetyMn15GAeX","1 vantail - Fixe - Intérieur","0.9m x 1.1m","6ET","5.56 W/(m²·K)","0.18 (m²·K)/W","1.10","0.90","605","610"
"3ipRFivfD2RetyMn15GAev","1 vantail - Fixe - Intérieur","0.9m x 1.1m","6ET","5.56 W/(m²·K)","0.18 (m²·K)/W","1.10","0.90","603","610"
"0a_hlvWo11kemlZznb3ne9","1 vantail - Fixe - Intérieur","0.50m x 0.4 - Plein","5ET","5.56 W/(m²·K)","0.18 (m²·K)/W","0.40","0.40","528","south-corridor"
"0a_hlvWo11kemlZznb3s0Q","1 vantail - Fixe - Intérieur","0.50m x 0.4 - Plein","5ET","5.56 W/(m²·K)","0.18 (m²·K)/W","0.40","0.40","528","south-corridor"
"0a_hlvWo11kemlZznb3sBz","1 vantail - Fixe - Intérieur","0.50m x 0.4 - Plein","5ET","5.56 W/(m²·K)","0.18 (m²·K)/W","0.40","0.40","522","south-corridor"
"2KpAPkqij2zBT9rVW1EEvd","1 vantail - Fixe - Intérieur","0.50m x 0.4 - Plein","5ET","5.56 W/(m²·K)","0.18 (m²·K)/W","0.40","0.40","south-corridor","522"
"2KpAPkqij2zBT9rVW1EEs7","1 vantail - Fixe - Intérieur","0.50m x 0.4 - Plein","5ET","5.56 W/(m²·K)","0.18 (m²·K)/W","0.40","0.40","south-corridor","528"
"2KpAPkqij2zBT9rVW1EEl0","1 vantail - Fixe - Intérieur","0.50m x 0.4 - Plein","5ET","5.56 W/(m²·K)","0.18 (m²·K)/W","0.40","0.40","south-corridor","528"
"0QC_c1w8j6nf9rGBcNjal2","1 vantail - Fixe - Intérieur","0.50m x 0.8","4ET","5.56 W/(m²·K)","0.18 (m²·K)/W","0.80","0.40","422","south-corridor"
"0a_hlvWo11kemlZznb3n_I","1 vantail - Fixe - Intérieur","0.50m x 0.40m","5ET","5.56 W/(m²·K)","0.18 (m²·K)/W","0.40","0.40","528","south-corridor"
"0a_hlvWo11kemlZznb3sLW","1 vantail - Fixe - Intérieur","0.50m x 0.40m","5ET","5.56 W/(m²·K)","0.18 (m²·K)/W","0.40","0.40","522","south-corridor"
"0QC_c1w8j6nf9rGBcNjab7","1 vantail - Fixe - Intérieur","0.50m x 1.00m","4ET","5.56 W/(m²·K)","0.18 (m²·K)/W","0.92","0.40","422","south-corridor"
"0QC_c1w8j6nf9rGBcNjaYK","1 vantail - Fixe - Intérieur","0.50m x 1.00m","4ET","5.56 W/(m²·K)","0.18 (m²·K)/W","0.92","0.40","422","south-corridor"
"0QC_c1w8j6nf9rGBcNjalu","1 vantail - Fixe - Intérieur","0.50m x 1.00m","4ET","5.56 W/(m²·K)","0.18 (m²·K)/W","0.92","0.40","422","south-corridor"
"0QC_c1w8j6nf9rGBcNjalD","1 vantail - Fixe - Intérieur","0.50m x 1.00m","4ET","5.56 W/(m²·K)","0.18 (m²·K)/W","0.92","0.40","422","south-corridor"
"0QC_c1w8j6nf9rGBcNjaj$","1 vantail - Fixe - Intérieur","0.50m x 1.00m","4ET","5.56 W/(m²·K)","0.18 (m²·K)/W","0.92","0.40","422","south-corridor"
"0QC_c1w8j6nf9rGBcNjajo","1 vantail - Fixe - Intérieur","0.50m x 1.00m","4ET","5.56 W/(m²·K)","0.18 (m²·K)/W","0.92","0.40","422","south-corridor"
"0QC_c1w8j6nf9rGBcNjaFY","1 vantail - Fixe - Intérieur","0.50m x 1.00m","4ET","5.56 W/(m²·K)","0.18 (m²·K)/W","0.92","0.40","428","south-corridor"
"0a_hlvWo11kemlZznb3mex","1 vantail - Fixe - Intérieur","0.50m x 1.00m","5ET","5.56 W/(m²·K)","0.18 (m²·K)/W","0.92","0.40","528","south-corridor"
"0a_hlvWo11kemlZznb3mm5","1 vantail - Fixe - Intérieur","0.50m x 1.00m","5ET","5.56 W/(m²·K)","0.18 (m²·K)/W","0.92","0.40","522","south-corridor"
"0a_hlvWo11kemlZznb3mmw","1 vantail - Fixe - Intérieur","0.50m x 1.00m","5ET","5.56 W/(m²·K)","0.18 (m²·K)/W","0.92","0.40","522","south-corridor"
"0a_hlvWo11kemlZznb3nbD","1 vantail - Fixe - Intérieur","0.50m x 1.00m","5ET","5.56 W/(m²·K)","0.18 (m²·K)/W","0.92","0.40","south-corridor","528"
"0a_hlvWo11kemlZznb3nv9","1 vantail - Fixe - Intérieur","0.50m x 1.00m","5ET","5.56 W/(m²·K)","0.18 (m²·K)/W","0.92","0.40","522","south-corridor"
"0QC_c1w8j6nf9rGBcNjagR","1 vantail - Fixe - Intérieur","0.50m x 1.2m","4ET","5.56 W/(m²·K)","0.18 (m²·K)/W","1.10","0.40","south-corridor","428"
"0QC_c1w8j6nf9rGBcNjaez","1 vantail - Fixe - Intérieur","0.50m x 1.2m","4ET","5.56 W/(m²·K)","0.18 (m²·K)/W","1.10","0.40","south-corridor","428"
"0QC_c1w8j6nf9rGBcNja6W","1 vantail - Fixe - Intérieur","0.50m x 1.2m","4ET","5.56 W/(m²·K)","0.18 (m²·K)/W","1.10","0.40","428","south-corridor"
"0QC_c1w8j6nf9rGBcNja6X","1 vantail - Fixe - Intérieur","0.50m x 1.2m","4ET","5.56 W/(m²·K)","0.18 (m²·K)/W","1.10","0.40","428","south-corridor"
"0QC_c1w8j6nf9rGBcNja1T","1 vantail - Fixe - Intérieur","0.50m x 1.2m","4ET","5.56 W/(m²·K)","0.18 (m²·K)/W","1.10","0.40","428","south-corridor"
"0QC_c1w8j6nf9rGBcNjaFs","1 vantail - Fixe - Intérieur","0.50m x 1.2m","4ET","5.56 W/(m²·K)","0.18 (m²·K)/W","1.10","0.40","428","south-corridor"
"0QC_c1w8j6nf9rGBcNjaFL","1 vantail - Fixe - Intérieur","0.50m x 1.2m","4ET","5.56 W/(m²·K)","0.18 (m²·K)/W","1.10","0.40","428","south-corridor"
"0QC_c1w8j6nf9rGBcNjaEL","1 vantail - Fixe - Intérieur","0.50m x 1.2m","4ET","5.56 W/(m²·K)","0.18 (m²·K)/W","1.10","0.40","south-corridor","428"
"0a_hlvWo11kemlZznb3myS","1 vantail - Fixe - Intérieur","0.50m x 1.2m","5ET","5.56 W/(m²·K)","0.18 (m²·K)/W","1.10","0.40","528","south-corridor"
"0a_hlvWo11kemlZznb3mw2","1 vantail - Fixe - Intérieur","0.50m x 1.2m","5ET","5.56 W/(m²·K)","0.18 (m²·K)/W","1.10","0.40","528","south-corridor"
"0QC_c1w8j6nf9rGBcNjaz5","1 vantail - Fixe - Intérieur","0.50m x 1.3m","4ET","5.56 W/(m²·K)","0.18 (m²·K)/W","1.20","0.40","south-corridor","422"
"0QC_c1w8j6nf9rGBcNjay2","1 vantail - Fixe - Intérieur","0.50m x 1.3m","4ET","5.56 W/(m²·K)","0.18 (m²·K)/W","1.20","0.40","south-corridor","422"
"0QC_c1w8j6nf9rGBcNjaxF","1 vantail - Fixe - Intérieur","0.50m x 1.3m","4ET","5.56 W/(m²·K)","0.18 (m²·K)/W","1.20","0.40","south-corridor","422"
"0QC_c1w8j6nf9rGBcNjauF","1 vantail - Fixe - Intérieur","0.50m x 1.3m","4ET","5.56 W/(m²·K)","0.18 (m²·K)/W","1.20","0.40","422","south-corridor"
"0QC_c1w8j6nf9rGBcNjau0","1 vantail - Fixe - Intérieur","0.50m x 1.3m","4ET","5.56 W/(m²·K)","0.18 (m²·K)/W","1.20","0.40","422","south-corridor"
"0QC_c1w8j6nf9rGBcNjau1","1 vantail - Fixe - Intérieur","0.50m x 1.3m","4ET","5.56 W/(m²·K)","0.18 (m²·K)/W","1.20","0.40","422","south-corridor"
"0a_hlvWo11kemlZznb3mg6","1 vantail - Fixe - Intérieur","0.50m x 1.3m","5ET","5.56 W/(m²·K)","0.18 (m²·K)/W","1.20","0.40","522","south-corridor"
"0a_hlvWo11kemlZznb3mpD","1 vantail - Fixe - Intérieur","0.50m x 1.3m","5ET","5.56 W/(m²·K)","0.18 (m²·K)/W","1.20","0.40","522","south-corridor"
"0a_hlvWo11kemlZznb3m_I","1 vantail - Fixe - Intérieur","0.50m x 1.3m","5ET","5.56 W/(m²·K)","0.18 (m²·K)/W","1.20","0.40","528","south-corridor"
"0a_hlvWo11kemlZznb3mzF","1 vantail - Fixe - Intérieur","0.50m x 1.3m","5ET","5.56 W/(m²·K)","0.18 (m²·K)/W","1.20","0.40","528","south-corridor"
"0a_hlvWo11kemlZznb3nb5","1 vantail - Fixe - Intérieur","0.50m x 1.3m","5ET","5.56 W/(m²·K)","0.18 (m²·K)/W","1.20","0.40","south-corridor","528"
"0a_hlvWo11kemlZznb3nb4","1 vantail - Fixe - Intérieur","0.50m x 1.3m","5ET","5.56 W/(m²·K)","0.18 (m²·K)/W","1.20","0.40","south-corridor","528"
"0a_hlvWo11kemlZznb3nb3","1 vantail - Fixe - Intérieur","0.50m x 1.3m","5ET","5.56 W/(m²·K)","0.18 (m²·K)/W","1.20","0.40","south-corridor","528"
"0a_hlvWo11kemlZznb3sCd","1 vantail - Fixe - Intérieur","0.50m x 1.3m","5ET","5.56 W/(m²·K)","0.18 (m²·K)/W","1.20","0.40","528","south-corridor"
"0a_hlvWo11kemlZznb3sDJ","1 vantail - Fixe - Intérieur","0.50m x 1.3m","5ET","5.56 W/(m²·K)","0.18 (m²·K)/W","1.20","0.40","528","south-corridor"
"0a_hlvWo11kemlZznb3s9e","1 vantail - Fixe - Intérieur","0.50m x 1.3m","5ET","5.56 W/(m²·K)","0.18 (m²·K)/W","1.20","0.40","522","south-corridor"
"0a_hlvWo11kemlZznb3sNy","1 vantail - Fixe - Intérieur","0.50m x 1.3m","5ET","5.56 W/(m²·K)","0.18 (m²·K)/W","1.20","0.40","south-corridor","522"
"2KpAPkqij2zBT9rVW1EEet","1 vantail - Fixe - Intérieur","0.50m x 1.3m","5ET","5.56 W/(m²·K)","0.18 (m²·K)/W","1.20","0.40","528","south-corridor"
"0a_hlvWo11kemlZznb3nbR","1 vantail - Fixe - Intérieur","0.50m x 1.4m","5ET","5.56 W/(m²·K)","0.18 (m²·K)/W","1.35","0.40","522","528"
"0a_hlvWo11kemlZznb3nYT","1 vantail - Fixe - Intérieur","0.50m x 1.4m","5ET","5.56 W/(m²·K)","0.18 (m²·K)/W","1.35","0.40","522","528"
"0a_hlvWo11kemlZznb3nZJ","1 vantail - Fixe - Intérieur","0.50m x 1.4m","5ET","5.56 W/(m²·K)","0.18 (m²·K)/W","1.35","0.40","522","528"
"0a_hlvWo11kemlZznb3nWP","1 vantail - Fixe - Intérieur","0.50m x 1.4m","5ET","5.56 W/(m²·K)","0.18 (m²·K)/W","1.35","0.40","522","528"
"03Q4jLetPAPwV3ruhYO5xg","1 vantail - Fixe - Intérieur","0.80m x 1.25m","1ET","5.56 W/(m²·K)","0.18 (m²·K)/W","0.80","1.00","104","112"
"2Rzq6hp4LCuwrrE2hLHTBf","1 vantail - Fixe - Intérieur","1.40m x 1.25m","3ET","5.56 W/(m²·K)","0.18 (m²·K)/W","1.35","1.00","waiting-area","316"
"2Rzq6hp4LCuwrrE2hLHT89","1 vantail - Fixe - Intérieur","1.40m x 1.25m","3ET","5.56 W/(m²·K)","0.18 (m²·K)/W","1.35","1.00","waiting-area","316"
"1VMOlJ3knDeODu7af36GPu","2 Vantaux - Fixe","1.20m x 1.25m","4ET","3.69 W/(m²·K)","0.27 (m²·K)/W","1.20","1.25","416","waiting-area"
"1VMOlJ3knDeODu7af36GhY","2 Vantaux - Fixe","1.20m x 1.25m","4ET","3.69 W/(m²·K)","0.27 (m²·K)/W","1.20","1.25","waiting-area","416"
"2CQQ9jnuzEFObVz576Fn0P","2 Vantaux - Imposte basse","1.55m x 2.7m","RDC","2.88 W/(m²·K)","0.35 (m²·K)/W","1.55","2.70","022",""
"2CQQ9jnuzEFObVz576Fotc","2 Vantaux - Imposte haute","1.55m x 2.70m","RDC","2.88 W/(m²·K)","0.35 (m²·K)/W","1.00","2.70","022",""
"2z3$WH5MbBIggLhCSYqCXp","2 Vantaux - Imposte haute","1.55m x 2.70m","RDC","2.88 W/(m²·K)","0.35 (m²·K)/W","1.00","2.70","022",""
"2z3$WH5MbBIggLhCSYqCXJ","2 Vantaux - Imposte haute","1.55m x 2.70m","RDC","2.88 W/(m²·K)","0.35 (m²·K)/W","1.00","2.70","022",""
"2z3$WH5MbBIggLhCSYqCX4","2 Vantaux - Imposte haute","1.55m x 2.70m","RDC","2.88 W/(m²·K)","0.35 (m²·K)/W","1.00","2.70","022",""
"2z3$WH5MbBIggLhCSYqCar","2 Vantaux - Imposte haute","1.55m x 2.70m","RDC","2.88 W/(m²·K)","0.35 (m²·K)/W","1.00","2.70","032-1",""
"2z3$WH5MbBIggLhCSYqCaq","2 Vantaux - Imposte haute","1.55m x 2.70m","RDC","2.88 W/(m²·K)","0.35 (m²·K)/W","1.00","2.70","032-1",""
"2z3$WH5MbBIggLhCSYqChr","2 Vantaux - Imposte haute","1.55m x 2.70m","RDC","2.88 W/(m²·K)","0.35 (m²·K)/W","1.00","2.70","",""
"2z3$WH5MbBIggLhCSYqChq","2 Vantaux - Imposte haute","1.55m x 2.70m","RDC","2.88 W/(m²·K)","0.35 (m²·K)/W","1.00","2.70","",""
"2z3$WH5MbBIggLhCSYqChN","2 Vantaux - Imposte haute","1.55m x 2.70m","RDC","2.88 W/(m²·K)","0.35 (m²·K)/W","1.00","2.70","",""
"2z3$WH5MbBIggLhCSYqChM","2 Vantaux - Imposte haute","1.55m x 2.70m","RDC","2.88 W/(m²·K)","0.35 (m²·K)/W","1.00","2.70","",""
"2z3$WH5MbBIggLhCSYqCgs","2 Vantaux - Imposte haute","1.55m x 2.70m","RDC","2.88 W/(m²·K)","0.35 (m²·K)/W","1.00","2.70","",""
"0sDyvaLC5COx7vFcnz0b4n","3 vantaux - 3 imposte","1.65m x 1.8 m","1ET","2.88 W/(m²·K)","0.35 (m²·K)/W","0.55","1.80","104",""
"0sDyvaLC5COx7vFcnz0b7W","3 vantaux - 3 imposte","1.65m x 1.8 m","1ET","2.88 W/(m²·K)","0.35 (m²·K)/W","0.55","1.80","104",""
"0sDyvaLC5COx7vFcnz0bz8","3 vantaux - 3 imposte","1.65m x 1.8 m","1ET","2.88 W/(m²·K)","0.35 (m²·K)/W","0.55","1.80","104",""
"0sDyvaLC5COx7vFcnz0bzB","3 vantaux - 3 imposte","1.65m x 1.8 m","1ET","2.88 W/(m²·K)","0.35 (m²·K)/W","0.55","1.80","104",""
"33b6WCdOH4XRa41sd$Npp_","3 vantaux - 3 imposte","1.65m x 1.8 m","1ET","2.88 W/(m²·K)","0.35 (m²·K)/W","0.55","1.80","132",""
"33b6WCdOH4XRa41sd$Nppz","3 vantaux - 3 imposte","1.65m x 1.8 m","1ET","2.88 W/(m²·K)","0.35 (m²·K)/W","0.55","1.80","132",""
"33b6WCdOH4XRa41sd$NppM","3 vantaux - 3 imposte","1.65m x 1.8 m","1ET","2.88 W/(m²·K)","0.35 (m²·K)/W","0.55","1.80","132",""
"33b6WCdOH4XRa41sd$NppL","3 vantaux - 3 imposte","1.65m x 1.8 m","1ET","2.88 W/(m²·K)","0.35 (m²·K)/W","0.55","1.80","132",""
"33b6WCdOH4XRa41sd$Npro","3 vantaux - 3 imposte","1.65m x 1.8 m","1ET","2.88 W/(m²·K)","0.35 (m²·K)/W","0.55","1.80","120",""
"33b6WCdOH4XRa41sd$Nprn","3 vantaux - 3 imposte","1.65m x 1.8 m","1ET","2.88 W/(m²·K)","0.35 (m²·K)/W","0.55","1.80","120",""
"33b6WCdOH4XRa41sd$Npsp","3 vantaux - 3 imposte","1.65m x 1.8 m","1ET","2.88 W/(m²·K)","0.35 (m²·K)/W","0.55","1.80","120",""
"33b6WCdOH4XRa41sd$Npso","3 vantaux - 3 imposte","1.65m x 1.8 m","1ET","2.88 W/(m²·K)","0.35 (m²·K)/W","0.55","1.80","120",""
"33b6WCdOH4XRa41sd$Npt0","3 vantaux - 3 imposte","1.65m x 1.8 m","1ET","2.88 W/(m²·K)","0.35 (m²·K)/W","0.55","1.80","104",""
"33b6WCdOH4XRa41sd$Npt7","3 vantaux - 3 imposte","1.65m x 1.8 m","1ET","2.88 W/(m²·K)","0.35 (m²·K)/W","0.55","1.80","104",""
"0aAbDZI1v9$QS4t5vAtVEe","3 vantaux - 3 imposte","1.65m x 1.8 m","2ET","2.88 W/(m²·K)","0.35 (m²·K)/W","0.55","1.80","204",""
"0aAbDZI1v9$QS4t5vAtVGS","3 vantaux - 3 imposte","1.65m x 1.8 m","2ET","2.88 W/(m²·K)","0.35 (m²·K)/W","0.55","1.80","204",""
"0aAbDZI1v9$QS4t5vAtVLm","3 vantaux - 3 imposte","1.65m x 1.8 m","2ET","2.88 W/(m²·K)","0.35 (m²·K)/W","0.55","1.80","206",""
"0aAbDZI1v9$QS4t5vAtVLn","3 vantaux - 3 imposte","1.65m x 1.8 m","2ET","2.88 W/(m²·K)","0.35 (m²·K)/W","0.55","1.80","206",""
"0aAbDZI1v9$QS4t5vAtVMp","3 vantaux - 3 imposte","1.65m x 1.8 m","2ET","2.88 W/(m²·K)","0.35 (m²·K)/W","0.55","1.80","212",""
"0aAbDZI1v9$QS4t5vAtVMm","3 vantaux - 3 imposte","1.65m x 1.8 m","2ET","2.88 W/(m²·K)","0.35 (m²·K)/W","0.55","1.80","212",""
"0aAbDZI1v9$QS4t5vAtVO_","3 vantaux - 3 imposte","1.65m x 1.8 m","2ET","2.88 W/(m²·K)","0.35 (m²·K)/W","0.55","1.80","220",""
"0aAbDZI1v9$QS4t5vAtVO$","3 vantaux - 3 imposte","1.65m x 1.8 m","2ET","2.88 W/(m²·K)","0.35 (m²·K)/W","0.55","1.80","220",""
"0aAbDZI1v9$QS4t5vAtVPn","3 vantaux - 3 imposte","1.65m x 1.8 m","2ET","2.88 W/(m²·K)","0.35 (m²·K)/W","0.55","1.80","224",""
"0aAbDZI1v9$QS4t5vAtVPs","3 vantaux - 3 imposte","1.65m x 1.8 m","2ET","2.88 W/(m²·K)","0.35 (m²·K)/W","0.55","1.80","224",""
"0aAbDZI1v9$QS4t5vAtVQq","3 vantaux - 3 imposte","1.65m x 1.8 m","2ET","2.88 W/(m²·K)","0.35 (m²·K)/W","0.55","1.80","230",""
"0aAbDZI1v9$QS4t5vAtVQr","3 vantaux - 3 imposte","1.65m x 1.8 m","2ET","2.88 W/(m²·K)","0.35 (m²·K)/W","0.55","1.80","230",""
"0aAbDZI1v9$QS4t5vAtVRv","3 vantaux - 3 imposte","1.65m x 1.8 m","2ET","2.88 W/(m²·K)","0.35 (m²·K)/W","0.55","1.80","232",""
"0aAbDZI1v9$QS4t5vAtVR_","3 vantaux - 3 imposte","1.65m x 1.8 m","2ET","2.88 W/(m²·K)","0.35 (m²·K)/W","0.55","1.80","232",""
"0aAbDZI1v9$QS4t5vAtOWx","3 vantaux - 3 imposte","1.65m x 1.8 m","3ET","2.88 W/(m²·K)","0.35 (m²·K)/W","0.55","1.80","308",""
"0aAbDZI1v9$QS4t5vAtOYt","3 vantaux - 3 imposte","1.65m x 1.8 m","3ET","2.88 W/(m²·K)","0.35 (m²·K)/W","0.55","1.80","308",""
"0aAbDZI1v9$QS4t5vAtOdi","3 vantaux - 3 imposte","1.65m x 1.8 m","3ET","2.88 W/(m²·K)","0.35 (m²·K)/W","0.55","1.80","306",""
"0aAbDZI1v9$QS4t5vAtOdj","3 vantaux - 3 imposte","1.65m x 1.8 m","3ET","2.88 W/(m²·K)","0.35 (m²·K)/W","0.55","1.80","304",""
"0aAbDZI1v9$QS4t5vAtOei","3 vantaux - 3 imposte","1.65m x 1.8 m","3ET","2.88 W/(m²·K)","0.35 (m²·K)/W","0.55","1.80","302",""
"0aAbDZI1v9$QS4t5vAtOej","3 vantaux - 3 imposte","1.65m x 1.8 m","3ET","2.88 W/(m²·K)","0.35 (m²·K)/W","0.55","1.80","302",""
"0aAbDZI1v9$QS4t5vAtOgq","3 vantaux - 3 imposte","1.65m x 1.8 m","3ET","2.88 W/(m²·K)","0.35 (m²·K)/W","0.55","1.80","320",""
"0aAbDZI1v9$QS4t5vAtOgr","3 vantaux - 3 imposte","1.65m x 1.8 m","3ET","2.88 W/(m²·K)","0.35 (m²·K)/W","0.55","1.80","320",""
"0aAbDZI1v9$QS4t5vAtOh4","3 vantaux - 3 imposte","1.65m x 1.8 m","3ET","2.88 W/(m²·K)","0.35 (m²·K)/W","0.55","1.80","324",""
"0aAbDZI1v9$QS4t5vAtOh5","3 vantaux - 3 imposte","1.65m x 1.8 m","3ET","2.88 W/(m²·K)","0.35 (m²·K)/W","0.55","1.80","324",""
"0aAbDZI1v9$QS4t5vAtOi3","3 vantaux - 3 imposte","1.65m x 1.8 m","3ET","2.88 W/(m²·K)","0.35 (m²·K)/W","0.55","1.80","326",""
"0aAbDZI1v9$QS4t5vAtOi0","3 vantaux - 3 imposte","1.65m x 1.8 m","3ET","2.88 W/(m²·K)","0.35 (m²·K)/W","0.55","1.80","328",""
"0aAbDZI1v9$QS4t5vAtOjC","3 vantaux - 3 imposte","1.65m x 1.8 m","3ET","2.88 W/(m²·K)","0.35 (m²·K)/W","0.55","1.80","332",""
"0aAbDZI1v9$QS4t5vAtOjD","3 vantaux - 3 imposte","1.65m x 1.8 m","3ET","2.88 W/(m²·K)","0.35 (m²·K)/W","0.55","1.80","332",""
"3quqEA2GTA1hxBcApghurB","3 vantaux - 3 imposte","1.65m x 1.8 m","4ET","2.88 W/(m²·K)","0.35 (m²·K)/W","0.55","1.80","404",""
"3quqEA2GTA1hxBcApghugc","3 vantaux - 3 imposte","1.65m x 1.8 m","4ET","2.88 W/(m²·K)","0.35 (m²·K)/W","0.55","1.80","404",""
"3quqEA2GTA1hxBcApghukZ","3 vantaux - 3 imposte","1.65m x 1.8 m","4ET","2.88 W/(m²·K)","0.35 (m²·K)/W","0.55","1.80","406",""
"3quqEA2GTA1hxBcApghukY","3 vantaux - 3 imposte","1.65m x 1.8 m","4ET","2.88 W/(m²·K)","0.35 (m²·K)/W","0.55","1.80","408",""
"3quqEA2GTA1hxBcApghuls","3 vantaux - 3 imposte","1.65m x 1.8 m","4ET","2.88 W/(m²·K)","0.35 (m²·K)/W","0.55","1.80","412",""
"3quqEA2GTA1hxBcApghulr","3 vantaux - 3 imposte","1.65m x 1.8 m","4ET","2.88 W/(m²·K)","0.35 (m²·K)/W","0.55","1.80","412",""
"3quqEA2GTA1hxBcApghuiK","3 vantaux - 3 imposte","1.65m x 1.8 m","4ET","2.88 W/(m²·K)","0.35 (m²·K)/W","0.55","1.80","420B",""
"3quqEA2GTA1hxBcApghuiB","3 vantaux - 3 imposte","1.65m x 1.8 m","4ET","2.88 W/(m²·K)","0.35 (m²·K)/W","0.55","1.80","420B",""
"3quqEA2GTA1hxBcApghuig","3 vantaux - 3 imposte","1.65m x 1.8 m","4ET","2.88 W/(m²·K)","0.35 (m²·K)/W","0.55","1.80","424",""
"3quqEA2GTA1hxBcApghuif","3 vantaux - 3 imposte","1.65m x 1.8 m","4ET","2.88 W/(m²·K)","0.35 (m²·K)/W","0.55","1.80","424",""
"3quqEA2GTA1hxBcApghuj8","3 vantaux - 3 imposte","1.65m x 1.8 m","4ET","2.88 W/(m²·K)","0.35 (m²·K)/W","0.55","1.80","426",""
"3quqEA2GTA1hxBcApghujF","3 vantaux - 3 imposte","1.65m x 1.8 m","4ET","2.88 W/(m²·K)","0.35 (m²·K)/W","0.55","1.80","430",""
"3quqEA2GTA1hxBcApghujk","3 vantaux - 3 imposte","1.65m x 1.8 m","4ET","2.88 W/(m²·K)","0.35 (m²·K)/W","0.55","1.80","432",""
"3quqEA2GTA1hxBcApghujj","3 vantaux - 3 imposte","1.65m x 1.8 m","4ET","2.88 W/(m²·K)","0.35 (m²·K)/W","0.55","1.80","432",""
"3quqEA2GTA1hxBcApghu9W","3 vantaux - 3 imposte","1.65m x 1.8 m","5ET","2.88 W/(m²·K)","0.35 (m²·K)/W","0.55","1.80","510",""
"3quqEA2GTA1hxBcApghu9d","3 vantaux - 3 imposte","1.65m x 1.8 m","5ET","2.88 W/(m²·K)","0.35 (m²·K)/W","0.55","1.80","510",""
"3quqEA2GTA1hxBcApghuEc","3 vantaux - 3 imposte","1.65m x 1.8 m","5ET","2.88 W/(m²·K)","0.35 (m²·K)/W","0.55","1.80","504",""
"3quqEA2GTA1hxBcApghuEb","3 vantaux - 3 imposte","1.65m x 1.8 m","5ET","2.88 W/(m²·K)","0.35 (m²·K)/W","0.55","1.80","504",""
"3quqEA2GTA1hxBcApghuCV","3 vantaux - 3 imposte","1.65m x 1.8 m","5ET","2.88 W/(m²·K)","0.35 (m²·K)/W","0.55","1.80","502",""
"3quqEA2GTA1hxBcApghuCU","3 vantaux - 3 imposte","1.65m x 1.8 m","5ET","2.88 W/(m²·K)","0.35 (m²·K)/W","0.55","1.80","502",""
"0wL5Gu1wrE$vf8Cr9cgptS","3 vantaux - 3 imposte","1.65m x 1.8 m","5ET","2.88 W/(m²·K)","0.35 (m²·K)/W","0.55","1.80","520",""
"0wL5Gu1wrE$vf8Cr9cgptT","3 vantaux - 3 imposte","1.65m x 1.8 m","5ET","2.88 W/(m²·K)","0.35 (m²·K)/W","0.55","1.80","520",""
"0wL5Gu1wrE$vf8Cr9cgptq","3 vantaux - 3 imposte","1.65m x 1.8 m","5ET","2.88 W/(m²·K)","0.35 (m²·K)/W","0.55","1.80","526",""
"0wL5Gu1wrE$vf8Cr9cgptr","3 vantaux - 3 imposte","1.65m x 1.8 m","5ET","2.88 W/(m²·K)","0.35 (m²·K)/W","0.55","1.80","526",""
"0wL5Gu1wrE$vf8Cr9cgpsC","3 vantaux - 3 imposte","1.65m x 1.8 m","5ET","2.88 W/(m²·K)","0.35 (m²·K)/W","0.55","1.80","530",""
"0wL5Gu1wrE$vf8Cr9cgpsD","3 vantaux - 3 imposte","1.65m x 1.8 m","5ET","2.88 W/(m²·K)","0.35 (m²·K)/W","0.55","1.80","530",""
"0wL5Gu1wrE$vf8Cr9cgpsa","3 vantaux - 3 imposte","1.65m x 1.8 m","5ET","2.88 W/(m²·K)","0.35 (m²·K)/W","0.55","1.80","532",""
"0wL5Gu1wrE$vf8Cr9cgpsb","3 vantaux - 3 imposte","1.65m x 1.8 m","5ET","2.88 W/(m²·K)","0.35 (m²·K)/W","0.55","1.80","532",""
"1GQyGRUaj7BAGpYCGABchB","3 vantaux - 3 imposte","1.65m x 1.8 m","2ET","2.88 W/(m²·K)","0.35 (m²·K)/W","0.55","1.80","203",""
"1GQyGRUaj7BAGpYCGABcye","3 vantaux - 3 imposte","1.65m x 1.8 m","2ET","2.88 W/(m²·K)","0.35 (m²·K)/W","0.55","1.80","203",""
"1GQyGRUaj7BAGpYCGABcvU","3 vantaux - 3 imposte","1.65m x 1.8 m","3ET","2.88 W/(m²·K)","0.35 (m²·K)/W","0.55","1.80","307",""
"1GQyGRUaj7BAGpYCGABcx5","3 vantaux - 3 imposte","1.65m x 1.8 m","3ET","2.88 W/(m²·K)","0.35 (m²·K)/W","0.55","1.80","307",""
"1GQyGRUaj7BAGpYCGABc4V","3 vantaux - 3 imposte","1.65m x 1.8 m","4ET","2.88 W/(m²·K)","0.35 (m²·K)/W","0.55","1.80","403",""
"1GQyGRUaj7BAGpYCGABc6P","3 vantaux - 3 imposte","1.65m x 1.8 m","4ET","2.88 W/(m²·K)","0.35 (m²·K)/W","0.55","1.80","403",""
"1GQyGRUaj7BAGpYCGABc0x","3 vantaux - 3 imposte","1.65m x 1.8 m","5ET","2.88 W/(m²·K)","0.35 (m²·K)/W","0.55","1.80","503",""
"1GQyGRUaj7BAGpYCGABc2i","3 vantaux - 3 imposte","1.65m x 1.8 m","5ET","2.88 W/(m²·K)","0.35 (m²·K)/W","0.55","1.80","503",""
"1jMGJTzbX0Gu65H0cXPp2$","3 vantaux - 3 imposte","1.65m x 1.8 m","2ET","2.88 W/(m²·K)","0.35 (m²·K)/W","0.55","1.80","207",""
"1jMGJTzbX0Gu65H0cXPp0G","3 vantaux - 3 imposte","1.65m x 1.8 m","2ET","2.88 W/(m²·K)","0.35 (m²·K)/W","0.55","1.80","207",""
"1jMGJTzbX0Gu65H0cXPp1Q","3 vantaux - 3 imposte","1.65m x 1.8 m","3ET","2.88 W/(m²·K)","0.35 (m²·K)/W","0.55","1.80","303",""
"1jMGJTzbX0Gu65H0cXPm$Q","3 vantaux - 3 imposte","1.65m x 1.8 m","3ET","2.88 W/(m²·K)","0.35 (m²·K)/W","0.55","1.80","305",""
"1jMGJTzbX0Gu65H0cXPmyI","3 vantaux - 3 imposte","1.65m x 1.8 m","4ET","2.88 W/(m²·K)","0.35 (m²·K)/W","0.55","1.80","409",""
"1jMGJTzbX0Gu65H0cXPmwq","3 vantaux - 3 imposte","1.65m x 1.8 m","4ET","2.88 W/(m²·K)","0.35 (m²·K)/W","0.55","1.80","407",""
"1jMGJTzbX0Gu65H0cXPmxw","3 vantaux - 3 imposte","1.65m x 1.8 m","5ET","2.88 W/(m²·K)","0.35 (m²·K)/W","0.55","1.80","507",""
"1jMGJTzbX0Gu65H0cXPmvU","3 vantaux - 3 imposte","1.65m x 1.8 m","5ET","2.88 W/(m²·K)","0.35 (m²·K)/W","0.55","1.80","507",""
"1jMGJTzbX0Gu65H0cXPmSF","3 vantaux - 3 imposte","1.65m x 1.8 m","2ET","2.88 W/(m²·K)","0.35 (m²·K)/W","0.55","1.80","211",""
"1jMGJTzbX0Gu65H0cXPmSE","3 vantaux - 3 imposte","1.65m x 1.8 m","2ET","2.88 W/(m²·K)","0.35 (m²·K)/W","0.55","1.80","211",""
"1jMGJTzbX0Gu65H0cXPmSD","3 vantaux - 3 imposte","1.65m x 1.8 m","3ET","2.88 W/(m²·K)","0.35 (m²·K)/W","0.55","1.80","301",""
"1jMGJTzbX0Gu65H0cXPmSC","3 vantaux - 3 imposte","1.65m x 1.8 m","3ET","2.88 W/(m²·K)","0.35 (m²·K)/W","0.55","1.80","301",""
"1jMGJTzbX0Gu65H0cXPmSB","3 vantaux - 3 imposte","1.65m x 1.8 m","4ET","2.88 W/(m²·K)","0.35 (m²·K)/W","0.55","1.80","411",""
"1jMGJTzbX0Gu65H0cXPmSA","3 vantaux - 3 imposte","1.65m x 1.8 m","4ET","2.88 W/(m²·K)","0.35 (m²·K)/W","0.55","1.80","411",""
"1jMGJTzbX0Gu65H0cXPmS9","3 vantaux - 3 imposte","1.65m x 1.8 m","5ET","2.88 W/(m²·K)","0.35 (m²·K)/W","0.55","1.80","511",""
"1jMGJTzbX0Gu65H0cXPmS8","3 vantaux - 3 imposte","1.65m x 1.8 m","5ET","2.88 W/(m²·K)","0.35 (m²·K)/W","0.55","1.80","511",""
"1jMGJTzbX0Gu65H0cXPmKR","3 vantaux - 3 imposte","1.65m x 1.8 m","2ET","2.88 W/(m²·K)","0.35 (m²·K)/W","0.55","1.80","stairlanding",""
"1jMGJTzbX0Gu65H0cXPmKP","3 vantaux - 3 imposte","1.65m x 1.8 m","3ET","2.88 W/(m²·K)","0.35 (m²·K)/W","0.55","1.80","stairlanding",""
"1jMGJTzbX0Gu65H0cXPmK7","3 vantaux - 3 imposte","1.65m x 1.8 m","4ET","2.88 W/(m²·K)","0.35 (m²·K)/W","0.55","1.80","stairlanding",""
"1jMGJTzbX0Gu65H0cXPmK5","3 vantaux - 3 imposte","1.65m x 1.8 m","5ET","2.88 W/(m²·K)","0.35 (m²·K)/W","0.55","1.80","stairlanding",""
"1jMGJTzbX0Gu65H0cXPmGG","3 vantaux - 3 imposte","1.65m x 1.8 m","2ET","2.88 W/(m²·K)","0.35 (m²·K)/W","0.55","1.80","221",""
"1jMGJTzbX0Gu65H0cXPmGS","3 vantaux - 3 imposte","1.65m x 1.8 m","4ET","2.88 W/(m²·K)","0.35 (m²·K)/W","0.55","1.80","421",""
"1jMGJTzbX0Gu65H0cXPmC2","3 vantaux - 3 imposte","1.65m x 1.8 m","2ET","2.88 W/(m²·K)","0.35 (m²·K)/W","0.55","1.80","223",""
"1jMGJTzbX0Gu65H0cXPmC1","3 vantaux - 3 imposte","1.65m x 1.8 m","2ET","2.88 W/(m²·K)","0.35 (m²·K)/W","0.55","1.80","223",""
"1jMGJTzbX0Gu65H0cXPmC0","3 vantaux - 3 imposte","1.65m x 1.8 m","3ET","2.88 W/(m²·K)","0.35 (m²·K)/W","0.55","1.80","325",""
"1jMGJTzbX0Gu65H0cXPmCF","3 vantaux - 3 imposte","1.65m x 1.8 m","3ET","2.88 W/(m²·K)","0.35 (m²·K)/W","0.55","1.80","325",""
"1jMGJTzbX0Gu65H0cXPmCD","3 vantaux - 3 imposte","1.65m x 1.8 m","4ET","2.88 W/(m²·K)","0.35 (m²·K)/W","0.55","1.80","425",""
"1jMGJTzbX0Gu65H0cXPmCC","3 vantaux - 3 imposte","1.65m x 1.8 m","5ET","2.88 W/(m²·K)","0.35 (m²·K)/W","0.55","1.80","529",""
"1jMGJTzbX0Gu65H0cXPmCB","3 vantaux - 3 imposte","1.65m x 1.8 m","5ET","2.88 W/(m²·K)","0.35 (m²·K)/W","0.55","1.80","529",""
"1jMGJTzbX0Gu65H0cXPmDu","3 vantaux - 3 imposte","1.65m x 1.8 m","2ET","2.88 W/(m²·K)","0.35 (m²·K)/W","0.55","1.80","223",""
"1jMGJTzbX0Gu65H0cXPmDd","3 vantaux - 3 imposte","1.65m x 1.8 m","2ET","2.88 W/(m²·K)","0.35 (m²·K)/W","0.55","1.80","221",""
"1jMGJTzbX0Gu65H0cXPmDc","3 vantaux - 3 imposte","1.65m x 1.8 m","3ET","2.88 W/(m²·K)","0.35 (m²·K)/W","0.55","1.80","323",""
"1jMGJTzbX0Gu65H0cXPmDb","3 vantaux - 3 imposte","1.65m x 1.8 m","3ET","2.88 W/(m²·K)","0.35 (m²·K)/W","0.55","1.80","323",""
"1jMGJTzbX0Gu65H0cXPmDa","3 vantaux - 3 imposte","1.65m x 1.8 m","4ET","2.88 W/(m²·K)","0.35 (m²·K)/W","0.55","1.80","423",""
"1jMGJTzbX0Gu65H0cXPmDZ","3 vantaux - 3 imposte","1.65m x 1.8 m","4ET","2.88 W/(m²·K)","0.35 (m²·K)/W","0.55","1.80","423",""
"1jMGJTzbX0Gu65H0cXPmDY","3 vantaux - 3 imposte","1.65m x 1.8 m","5ET","2.88 W/(m²·K)","0.35 (m²·K)/W","0.55","1.80","525",""
"1jMGJTzbX0Gu65H0cXPmDX","3 vantaux - 3 imposte","1.65m x 1.8 m","5ET","2.88 W/(m²·K)","0.35 (m²·K)/W","0.55","1.80","525",""
"1jMGJTzbX0Gu65H0cXPmDP","3 vantaux - 3 imposte","1.65m x 1.8 m","2ET","2.88 W/(m²·K)","0.35 (m²·K)/W","0.55","1.80","221",""
"1jMGJTzbX0Gu65H0cXPmD7","3 vantaux - 3 imposte","1.65m x 1.8 m","3ET","2.88 W/(m²·K)","0.35 (m²·K)/W","0.55","1.80","321",""
"1jMGJTzbX0Gu65H0cXPmD6","3 vantaux - 3 imposte","1.65m x 1.8 m","3ET","2.88 W/(m²·K)","0.35 (m²·K)/W","0.55","1.80","321",""
"1jMGJTzbX0Gu65H0cXPmD5","3 vantaux - 3 imposte","1.65m x 1.8 m","4ET","2.88 W/(m²·K)","0.35 (m²·K)/W","0.55","1.80","421",""
"1jMGJTzbX0Gu65H0cXPmD3","3 vantaux - 3 imposte","1.65m x 1.8 m","5ET","2.88 W/(m²·K)","0.35 (m²·K)/W","0.55","1.80","523",""
"1jMGJTzbX0Gu65H0cXPmD2","3 vantaux - 3 imposte","1.65m x 1.8 m","5ET","2.88 W/(m²·K)","0.35 (m²·K)/W","0.55","1.80","521",""
"1cTfeCS2jF2wOSCMZ2Mx48","3 vantaux - 3 imposte","1.65m x 1.8 m","3ET","2.88 W/(m²·K)","0.35 (m²·K)/W","0.55","1.80","316",""
"1cTfeCS2jF2wOSCMZ2Mx2M","3 vantaux - 3 imposte","1.65m x 1.8 m","3ET","2.88 W/(m²·K)","0.35 (m²·K)/W","0.55","1.80","316",""
"1cTfeCS2jF2wOSCMZ2Mx3G","3 vantaux - 3 imposte","1.65m x 1.8 m","2ET","2.88 W/(m²·K)","0.35 (m²·K)/W","0.55","1.80","214",""
"1cTfeCS2jF2wOSCMZ2Mx1_","3 vantaux - 3 imposte","1.65m x 1.8 m","2ET","2.88 W/(m²·K)","0.35 (m²·K)/W","0.55","1.80","214",""
"1cTfeCS2jF2wOSCMZ2MxvD","3 vantaux - 3 imposte","1.65m x 1.8 m","4ET","2.88 W/(m²·K)","0.35 (m²·K)/W","0.55","1.80","416",""
"1cTfeCS2jF2wOSCMZ2MxvC","3 vantaux - 3 imposte","1.65m x 1.8 m","4ET","2.88 W/(m²·K)","0.35 (m²·K)/W","0.55","1.80","416",""
"1cTfeCS2jF2wOSCMZ2Mxv0","3 vantaux - 3 imposte","1.65m x 1.8 m","5ET","2.88 W/(m²·K)","0.35 (m²·K)/W","0.55","1.80","514",""
"1cTfeCS2jF2wOSCMZ2Mxs$","3 vantaux - 3 imposte","1.65m x 1.8 m","5ET","2.88 W/(m²·K)","0.35 (m²·K)/W","0.55","1.80","514",""
"1cTfeCS2jF2wOSCMZ2Mxst","3 vantaux - 3 imposte","1.65m x 1.8 m","5ET","2.88 W/(m²·K)","0.35 (m²·K)/W","0.55","1.80","516",""
"1cTfeCS2jF2wOSCMZ2MxrW","3 vantaux - 3 imposte","1.65m x 1.8 m","4ET","2.88 W/(m²·K)","0.35 (m²·K)/W","0.55","1.80","418",""
"1cTfeCS2jF2wOSCMZ2Mxo2","3 vantaux - 3 imposte","1.65m x 1.8 m","3ET","2.88 W/(m²·K)","0.35 (m²·K)/W","0.55","1.80","318",""
"1cTfeCS2jF2wOSCMZ2Mxnk","3 vantaux - 3 imposte","1.65m x 1.8 m","2ET","2.88 W/(m²·K)","0.35 (m²·K)/W","0.55","1.80","214",""
"1cTfeCS2jF2wOSCMZ2Mxlz","3 vantaux - 3 imposte","1.65m x 1.8 m","2ET","2.88 W/(m²·K)","0.35 (m²·K)/W","0.55","1.80","214",""
"1cTfeCS2jF2wOSCMZ2MxiF","3 vantaux - 3 imposte","1.65m x 1.8 m","3ET","2.88 W/(m²·K)","0.35 (m²·K)/W","0.55","1.80","314",""
"1cTfeCS2jF2wOSCMZ2Mxgr","3 vantaux - 3 imposte","1.65m x 1.8 m","4ET","2.88 W/(m²·K)","0.35 (m²·K)/W","0.55","1.80","414",""
"1cTfeCS2jF2wOSCMZ2MxhR","3 vantaux - 3 imposte","1.65m x 1.8 m","5ET","2.88 W/(m²·K)","0.35 (m²·K)/W","0.55","1.80","514",""
"2DnVoxv2P23xKQaeX7hkAw","3 vantaux - 3 imposte","1.65m x 1.8 m","1ET","2.88 W/(m²·K)","0.35 (m²·K)/W","0.55","1.80","espace-eleves",""
"2DnVoxv2P23xKQaeX7hkAv","3 vantaux - 3 imposte","1.65m x 1.8 m","1ET","2.88 W/(m²·K)","0.35 (m²·K)/W","0.55","1.80","espace-eleves",""
"2DnVoxv2P23xKQaeX7hkAu","3 vantaux - 3 imposte","1.65m x 1.8 m","1ET","2.88 W/(m²·K)","0.35 (m²·K)/W","0.55","1.80","espace-eleves",""
"2DnVoxv2P23xKQaeX7hkA$","3 vantaux - 3 imposte","1.65m x 1.8 m","1ET","2.88 W/(m²·K)","0.35 (m²·K)/W","0.55","1.80","espace-eleves",""
"2wjAL6uK1FRRagRP8hIwjL","3 vantaux - 3 imposte","1.65m x 1.8 m","1ET","2.88 W/(m²·K)","0.35 (m²·K)/W","0.55","1.80","103",""
"2wjAL6uK1FRRagRP8hIwkL","3 vantaux - 3 imposte","1.65m x 1.8 m","1ET","2.88 W/(m²·K)","0.35 (m²·K)/W","0.55","1.80","103",""
"2wjAL6uK1FRRagRP8hIvGv","3 vantaux - 3 imposte","1.65m x 1.8 m","1ET","2.88 W/(m²·K)","0.35 (m²·K)/W","0.55","1.80","103",""
"2wjAL6uK1FRRagRP8hIvJT","3 vantaux - 3 imposte","1.65m x 1.8 m","1ET","2.88 W/(m²·K)","0.35 (m²·K)/W","0.55","1.80","111",""
"2wjAL6uK1FRRagRP8hIvIj","3 vantaux - 3 imposte","1.65m x 1.8 m","1ET","2.88 W/(m²·K)","0.35 (m²·K)/W","0.55","1.80","111",""
"2wjAL6uK1FRRagRP8hIvLO","3 vantaux - 3 imposte","1.65m x 1.8 m","1ET","2.88 W/(m²·K)","0.35 (m²·K)/W","0.55","1.80","111",""
"2wjAL6uK1FRRagRP8hIvP_","3 vantaux - 3 imposte","1.65m x 1.8 m","1ET","2.88 W/(m²·K)","0.35 (m²·K)/W","0.55","1.80","stairlanding",""
"2wjAL6uK1FRRagRP8hIvQ_","3 vantaux - 3 imposte","1.65m x 1.8 m","1ET","2.88 W/(m²·K)","0.35 (m²·K)/W","0.55","1.80","121",""
"2wjAL6uK1FRRagRP8hIvTI","3 vantaux - 3 imposte","1.65m x 1.8 m","1ET","2.88 W/(m²·K)","0.35 (m²·K)/W","0.55","1.80","121",""
"2wjAL6uK1FRRagRP8hIvSO","3 vantaux - 3 imposte","1.65m x 1.8 m","1ET","2.88 W/(m²·K)","0.35 (m²·K)/W","0.55","1.80","121",""
"2wjAL6uK1FRRagRP8hIvUm","3 vantaux - 3 imposte","1.65m x 1.8 m","1ET","2.88 W/(m²·K)","0.35 (m²·K)/W","0.55","1.80","129",""
"2wjAL6uK1FRRagRP8hIv1A","3 vantaux - 3 imposte","1.65m x 1.8 m","1ET","2.88 W/(m²·K)","0.35 (m²·K)/W","0.55","1.80","129",""
"2wjAL6uK1FRRagRP8hIv3q","3 vantaux - 3 imposte","1.65m x 1.8 m","1ET","2.88 W/(m²·K)","0.35 (m²·K)/W","0.55","1.80","129",""
"2Xmfyetuj4kuH9azg5WX3N","3 vantaux - 3 imposte","1.65m x 1.8 m","5ET","2.88 W/(m²·K)","0.35 (m²·K)/W","0.55","1.80","531H",""
"3rjGePL4v1sR7melIku3Li","3 vantaux - 3 imposte","1.65m x 1.8 m","6ET","2.88 W/(m²·K)","0.35 (m²·K)/W","0.55","1.80","stairlanding",""
"220vmuXI9FmeprvHGGQAL7","3 vantaux - 3 imposte","1.65m x 1.8 m","6ET","2.88 W/(m²·K)","0.35 (m²·K)/W","0.55","1.80","620",""
"220vmuXI9FmeprvHGGQAKY","3 vantaux - 3 imposte","1.65m x 1.8 m","6ET","2.88 W/(m²·K)","0.35 (m²·K)/W","0.55","1.80","620",""
"220vmuXI9FmeprvHGGQANq","3 vantaux - 3 imposte","1.65m x 1.8 m","6ET","2.88 W/(m²·K)","0.35 (m²·K)/W","0.55","1.80","620",""
"220vmuXI9FmeprvHGGQAMc","3 vantaux - 3 imposte","1.65m x 1.8 m","6ET","2.88 W/(m²·K)","0.35 (m²·K)/W","0.55","1.80","620",""
"220vmuXI9FmeprvHGGQAP8","3 vantaux - 3 imposte","1.65m x 1.8 m","6ET","2.88 W/(m²·K)","0.35 (m²·K)/W","0.55","1.80","620",""
"220vmuXI9FmeprvHGGQAPe","3 vantaux - 3 imposte","1.65m x 1.8 m","6ET","2.88 W/(m²·K)","0.35 (m²·K)/W","0.55","1.80","620",""
"220vmuXI9FmeprvHGGQAOy","3 vantaux - 3 imposte","1.65m x 1.8 m","6ET","2.88 W/(m²·K)","0.35 (m²·K)/W","0.55","1.80","611",""
"220vmuXI9FmeprvHGGQAQR","3 vantaux - 3 imposte","1.65m x 1.8 m","6ET","2.88 W/(m²·K)","0.35 (m²·K)/W","0.55","1.80","607",""
"220vmuXI9FmeprvHGGQAQd","3 vantaux - 3 imposte","1.65m x 1.8 m","6ET","2.88 W/(m²·K)","0.35 (m²·K)/W","0.55","1.80","605",""
"220vmuXI9FmeprvHGGQATD","3 vantaux - 3 imposte","1.65m x 1.8 m","6ET","2.88 W/(m²·K)","0.35 (m²·K)/W","0.55","1.80","603",""
"220vmuXI9FmeprvHGGQASN","3 vantaux - 3 imposte","1.65m x 1.8 m","6ET","2.88 W/(m²·K)","0.35 (m²·K)/W","0.55","1.80","610",""
"220vmuXI9FmeprvHGGQAS3","3 vantaux - 3 imposte","1.65m x 1.8 m","6ET","2.88 W/(m²·K)","0.35 (m²·K)/W","0.55","1.80","610",""
"0nE4lwtJLCMf21yITjzgjb","3 vantaux - 3 imposte","1.65m x 1.8 m","6ET","2.88 W/(m²·K)","0.35 (m²·K)/W","0.55","1.80","631H",""
"0nE4lwtJLCMf21yITjzjrg","3 vantaux - 3 imposte","1.65m x 1.8 m","2ET","2.88 W/(m²·K)","0.35 (m²·K)/W","0.55","1.80","south-corridor",""
"0nE4lwtJLCMf21yITjzjtU","3 vantaux - 3 imposte","1.65m x 1.8 m","1ET","2.88 W/(m²·K)","0.35 (m²·K)/W","0.55","1.80","",""
"0WvMP6WrbFdvk$X_XvKeHF","3 vantaux - 3 imposte","1.65m x 1.8 m","3ET","2.88 W/(m²·K)","0.35 (m²·K)/W","0.55","1.80","333",""
"0WvMP6WrbFdvk$X_XvKeFb","3 vantaux - 3 imposte","1.65m x 1.8 m","4ET","2.88 W/(m²·K)","0.35 (m²·K)/W","0.55","1.80","431H",""
"1jMGJTzbX0Gu65H0cXPmOq","3 vantaux - 3 imposte","1.65m x 1.60","2ET","2.88 W/(m²·K)","0.35 (m²·K)/W","0.55","1.58","stairlanding",""
"1jMGJTzbX0Gu65H0cXPmOo","3 vantaux - 3 imposte","1.65m x 1.60","3ET","2.88 W/(m²·K)","0.35 (m²·K)/W","0.55","1.58","stairlanding",""
"1jMGJTzbX0Gu65H0cXPmOm","3 vantaux - 3 imposte","1.65m x 1.60","4ET","2.88 W/(m²·K)","0.35 (m²·K)/W","0.55","1.58","stairlanding",""
"1jMGJTzbX0Gu65H0cXPmO_","3 vantaux - 3 imposte","1.65m x 1.60","5ET","2.88 W/(m²·K)","0.35 (m²·K)/W","0.55","1.58","stairlanding",""
"2wjAL6uK1FRRagRP8hIvK4","3 vantaux - 3 imposte","1.65m x 1.60","1ET","2.88 W/(m²·K)","0.35 (m²·K)/W","0.55","1.58","stairlanding",""
"3rjGePL4v1sR7melIku3KR","3 vantaux - 3 imposte","1.65m x 1.60","6ET","2.88 W/(m²·K)","0.35 (m²·K)/W","0.55","1.58","stairlanding",""
"3cgL22Rh50aPZnHkdtNF7e","3 vantaux - 3 imposte","1.65m x 1.60","2ET","2.88 W/(m²·K)","0.35 (m²·K)/W","0.55","1.58","6ETST0",""
"3cgL22Rh50aPZnHkdtNF7h","3 vantaux - 3 imposte","1.65m x 1.60","3ET","2.88 W/(m²·K)","0.35 (m²·K)/W","0.55","1.58","6ETST0",""
"3cgL22Rh50aPZnHkdtNF7g","3 vantaux - 3 imposte","1.65m x 1.60","4ET","2.88 W/(m²·K)","0.35 (m²·K)/W","0.55","1.58","6ETST0",""
"3cgL22Rh50aPZnHkdtNF7b","3 vantaux - 3 imposte","1.65m x 1.60","5ET","2.88 W/(m²·K)","0.35 (m²·K)/W","0.55","1.58","6ETST0",""
"3cgL22Rh50aPZnHkdtNF7a","3 vantaux - 3 imposte","1.65m x 1.60","1ET","2.88 W/(m²·K)","0.35 (m²·K)/W","0.55","1.58","6ETST0",""
"3cgL22Rh50aPZnHkdtNF18","3 vantaux - 3 imposte","1.65m x 1.60","6ET","2.88 W/(m²·K)","0.35 (m²·K)/W","0.55","1.58","6ETST0",""
"1jMGJTzbX0Gu65H0cXPmCE","3 vantaux - 3 imposte - Ouvert","1.65m x 1.8 m","4ET","2.88 W/(m²·K)","0.35 (m²·K)/W","0.55","1.80","429",""
"2wjAL6uK1FRRagRP8hIv98","3 Vantaux - Droits","1.55m x 1.25m","ENT","2.88 W/(m²·K)","0.35 (m²·K)/W","1.55","1.25","003",""
"2wjAL6uK1FRRagRP8hIvnC","3 Vantaux - Droits","1.55m x 1.25m","ENT","2.88 W/(m²·K)","0.35 (m²·K)/W","1.55","1.25","003",""
"2wjAL6uK1FRRagRP8hIvmE","3 Vantaux - Droits","1.55m x 1.25m","ENT","2.88 W/(m²·K)","0.35 (m²·K)/W","1.55","1.25","007B",""
"2wjAL6uK1FRRagRP8hIvow","3 Vantaux - Droits","1.55m x 1.25m","ENT","2.88 W/(m²·K)","0.35 (m²·K)/W","1.55","1.25","007B",""
"2wjAL6uK1FRRagRP8hIvoE","3 Vantaux - Droits","1.55m x 1.25m","ENT","2.88 W/(m²·K)","0.35 (m²·K)/W","1.55","1.25","007",""
"2wjAL6uK1FRRagRP8hIvqu","3 Vantaux - Droits","1.55m x 1.25m","ENT","2.88 W/(m²·K)","0.35 (m²·K)/W","1.55","1.25","007",""
"2wjAL6uK1FRRagRP8hIvtQ","3 Vantaux - Droits","1.55m x 1.25m","ENT","2.88 W/(m²·K)","0.35 (m²·K)/W","1.55","1.25","stairlanding",""
"2wjAL6uK1FRRagRP8hIvuy","3 Vantaux - Droits","1.55m x 1.25m","ENT","2.88 W/(m²·K)","0.35 (m²·K)/W","1.55","1.25","6ETST0",""
"2wjAL6uK1FRRagRP8hIvwj","3 Vantaux - Droits","1.55m x 1.25m","ENT","2.88 W/(m²·K)","0.35 (m²·K)/W","1.55","1.25","022",""
"2wjAL6uK1FRRagRP8hIvym","3 Vantaux - Droits","1.55m x 1.25m","ENT","2.88 W/(m²·K)","0.35 (m²·K)/W","1.55","1.25","022",""
"2wjAL6uK1FRRagRP8hIv$y","3 Vantaux - Droits","1.55m x 1.25m","ENT","2.88 W/(m²·K)","0.35 (m²·K)/W","1.55","1.25","022",""
"2wjAL6uK1FRRagRP8hIv_s","3 Vantaux - Droits","1.55m x 1.25m","ENT","2.88 W/(m²·K)","0.35 (m²·K)/W","1.55","1.25","022",""
"2wjAL6uK1FRRagRP8hIvXk","3 Vantaux - Droits","1.55m x 1.25m","ENT","2.88 W/(m²·K)","0.35 (m²·K)/W","1.55","1.25","022",""
"2wjAL6uK1FRRagRP8hIvZg","3 Vantaux - Droits","1.55m x 1.25m","ENT","2.88 W/(m²·K)","0.35 (m²·K)/W","1.55","1.25","022",""
"2OdB4Kysb5Yx_KSESs3Lr3","3 Vantaux - Droits","1.80m x 1.25m","RDC","2.88 W/(m²·K)","0.35 (m²·K)/W","1.55","1.25","006",""
"2OdB4Kysb5Yx_KSESs3LtN","3 Vantaux - Droits","1.80m x 1.25m","RDC","2.88 W/(m²·K)","0.35 (m²·K)/W","1.55","1.25","006",""
"2OdB4Kysb5Yx_KSESs3Ltx","3 Vantaux - Droits","1.80m x 1.25m","RDC","2.88 W/(m²·K)","0.35 (m²·K)/W","1.55","1.25","005-1",""
"2OdB4Kysb5Yx_KSESs3Lth","3 Vantaux - Droits","1.80m x 1.25m","RDC","2.88 W/(m²·K)","0.35 (m²·K)/W","1.55","1.25","005-2",""
"1VMOlJ3knDeODu7af36JxV","3 Vantaux - Fixe","1.80m x 1.25m","4ET","3.69 W/(m²·K)","0.27 (m²·K)/W","1.80","1.25","418","waiting-area"
"2UZ4kFrav4pOzh5A4sQ7Pl","3 Vantaux - Fixe","1.80m x 1.25m","4ET","3.69 W/(m²·K)","0.27 (m²·K)/W","1.80","1.25","waiting-area","414"
"13a0gnNND2NwVk38HdUDVT","Puit de lumière","lanterneau 100cm x 100cm","6ET","3.69 W/(m²·K)","0.27 (m²·K)/W","1.00","0.90","",""
